masco_code,masco_code_printed,role_title,source_parent_group_code,flexible_role,profile_text
231101,2311-01,University Lecturer Grade DS45,2311,False,"University Lecturer Grade DS45. University and Higher Education T eaching Professionals prepare and deliver lectures and conduct tutorials in one or more subjects within a prescribed course of study at a university or other higher educational institution. They conduct research and prepare academic papers and books.. delivering lectures and conducting tutorials, research and releasing publications. giving lectures, supervising thesis projects, managing practical work/tutorials and preparing lecture notes/laboratory manuals. conducting examination matters, monitoring the practical training of students, assisting in reviewing / preparing the curriculum / syllabus, engaging in research work and undertaking student development work. providing consultancy services to students and outsiders, supervising projects, theses and student papers, conducting research, publishing journals, articles, books and other forms of related publications, services, performing community and professional services, helping students develop their potential and character, and managing academic-related activities. designing and modifying the curricula and preparing courses of study in accordance with the requirements. encouraging discussion and independent thinking among students. conducting research and developing concepts, theories and operational methods for application in the industry and other fields. assisting in co-curricular activities. performing related tasks; and. enhancing knowledge and coordinating work performance."
231102,2311-02,Medical Lecturer Grade DU51P,2311,False,"Medical Lecturer Grade DU51P. University and Higher Education T eaching Professionals prepare and deliver lectures and conduct tutorials in one or more subjects within a prescribed course of study at a university or other higher educational institution. They conduct research and prepare academic papers and books.. delivering lectures and conducting tutorials, research and releasing publications. giving lectures, supervising thesis projects, managing practical work/tutorials and preparing lecture notes/laboratory manuals. conducting examination matters, monitoring the practical training of students, assisting in reviewing / preparing the curriculum / syllabus, engaging in research work and undertaking student development work. providing consultancy services to students and outsiders, supervising projects, theses and student papers, conducting research, publishing journals, articles, books and other forms of related publications, services, performing community and professional services, helping students develop their potential and character, and managing academic-related activities. designing and modifying the curricula and preparing courses of study in accordance with the requirements. encouraging discussion and independent thinking among students. conducting research and developing concepts, theories and operational methods for application in the industry and other fields. assisting in co-curricular activities. performing related tasks; and. enhancing knowledge and coordinating work performance."
231103,2311-03,UiTM Lecturer Grade DM41,2311,False,"UiTM Lecturer Grade DM41. University and Higher Education T eaching Professionals prepare and deliver lectures and conduct tutorials in one or more subjects within a prescribed course of study at a university or other higher educational institution. They conduct research and prepare academic papers and books.. delivering lectures and conducting tutorials, research and releasing publications. giving lectures, supervising thesis projects, managing practical work/tutorials and preparing lecture notes/laboratory manuals. conducting examination matters, monitoring the practical training of students, assisting in reviewing / preparing the curriculum / syllabus, engaging in research work and undertaking student development work. providing consultancy services to students and outsiders, supervising projects, theses and student papers, conducting research, publishing journals, articles, books and other forms of related publications, services, performing community and professional services, helping students develop their potential and character, and managing academic-related activities. designing and modifying the curricula and preparing courses of study in accordance with the requirements. encouraging discussion and independent thinking among students. conducting research and developing concepts, theories and operational methods for application in the industry and other fields. assisting in co-curricular activities. performing related tasks; and. enhancing knowledge and coordinating work performance."
231104,2311-04,UiTM Assistant Lecturer Grade DM29,2311,False,"UiTM Assistant Lecturer Grade DM29. University and Higher Education T eaching Professionals prepare and deliver lectures and conduct tutorials in one or more subjects within a prescribed course of study at a university or other higher educational institution. They conduct research and prepare academic papers and books.. delivering lectures and conducting tutorials, research and releasing publications. giving lectures, supervising thesis projects, managing practical work/tutorials and preparing lecture notes/laboratory manuals. conducting examination matters, monitoring the practical training of students, assisting in reviewing / preparing the curriculum / syllabus, engaging in research work and undertaking student development work. providing consultancy services to students and outsiders, supervising projects, theses and student papers, conducting research, publishing journals, articles, books and other forms of related publications, services, performing community and professional services, helping students develop their potential and character, and managing academic-related activities. designing and modifying the curricula and preparing courses of study in accordance with the requirements. encouraging discussion and independent thinking among students. conducting research and developing concepts, theories and operational methods for application in the industry and other fields. assisting in co-curricular activities. performing related tasks; and. enhancing knowledge and coordinating work performance."
231105,2311-05,Dental Lecturer Grade DUG51P,2311,False,"Dental Lecturer Grade DUG51P. University and Higher Education T eaching Professionals prepare and deliver lectures and conduct tutorials in one or more subjects within a prescribed course of study at a university or other higher educational institution. They conduct research and prepare academic papers and books.. delivering lectures and conducting tutorials, research and releasing publications. giving lectures, supervising thesis projects, managing practical work/tutorials and preparing lecture notes/laboratory manuals. conducting examination matters, monitoring the practical training of students, assisting in reviewing / preparing the curriculum / syllabus, engaging in research work and undertaking student development work. providing consultancy services to students and outsiders, supervising projects, theses and student papers, conducting research, publishing journals, articles, books and other forms of related publications, services, performing community and professional services, helping students develop their potential and character, and managing academic-related activities. designing and modifying the curricula and preparing courses of study in accordance with the requirements. encouraging discussion and independent thinking among students. conducting research and developing concepts, theories and operational methods for application in the industry and other fields. assisting in co-curricular activities. performing related tasks; and. enhancing knowledge and coordinating work performance."
231106,2311-06,Higher Learning Education Officer Grade DH41,2311,False,"Higher Learning Education Officer Grade DH41. University and Higher Education T eaching Professionals prepare and deliver lectures and conduct tutorials in one or more subjects within a prescribed course of study at a university or other higher educational institution. They conduct research and prepare academic papers and books.. delivering lectures and conducting tutorials, research and releasing publications. giving lectures, supervising thesis projects, managing practical work/tutorials and preparing lecture notes/laboratory manuals. conducting examination matters, monitoring the practical training of students, assisting in reviewing / preparing the curriculum / syllabus, engaging in research work and undertaking student development work. providing consultancy services to students and outsiders, supervising projects, theses and student papers, conducting research, publishing journals, articles, books and other forms of related publications, services, performing community and professional services, helping students develop their potential and character, and managing academic-related activities. designing and modifying the curricula and preparing courses of study in accordance with the requirements. encouraging discussion and independent thinking among students. conducting research and developing concepts, theories and operational methods for application in the industry and other fields. assisting in co-curricular activities. performing related tasks; and. enhancing knowledge and coordinating work performance."
231107,2311-07,Higher Learning Education Officer Grade DH29,2311,False,"Higher Learning Education Officer Grade DH29. University and Higher Education T eaching Professionals prepare and deliver lectures and conduct tutorials in one or more subjects within a prescribed course of study at a university or other higher educational institution. They conduct research and prepare academic papers and books.. delivering lectures and conducting tutorials, research and releasing publications. giving lectures, supervising thesis projects, managing practical work/tutorials and preparing lecture notes/laboratory manuals. conducting examination matters, monitoring the practical training of students, assisting in reviewing / preparing the curriculum / syllabus, engaging in research work and undertaking student development work. providing consultancy services to students and outsiders, supervising projects, theses and student papers, conducting research, publishing journals, articles, books and other forms of related publications, services, performing community and professional services, helping students develop their potential and character, and managing academic-related activities. designing and modifying the curricula and preparing courses of study in accordance with the requirements. encouraging discussion and independent thinking among students. conducting research and developing concepts, theories and operational methods for application in the industry and other fields. assisting in co-curricular activities. performing related tasks; and. enhancing knowledge and coordinating work performance."
231108,2311-08,Lecturer,2311,False,"Lecturer. University and Higher Education T eaching Professionals prepare and deliver lectures and conduct tutorials in one or more subjects within a prescribed course of study at a university or other higher educational institution. They conduct research and prepare academic papers and books.. delivering lectures and conducting tutorials, research and releasing publications. giving lectures, supervising thesis projects, managing practical work/tutorials and preparing lecture notes/laboratory manuals. conducting examination matters, monitoring the practical training of students, assisting in reviewing / preparing the curriculum / syllabus, engaging in research work and undertaking student development work. providing consultancy services to students and outsiders, supervising projects, theses and student papers, conducting research, publishing journals, articles, books and other forms of related publications, services, performing community and professional services, helping students develop their potential and character, and managing academic-related activities. designing and modifying the curricula and preparing courses of study in accordance with the requirements. encouraging discussion and independent thinking among students. conducting research and developing concepts, theories and operational methods for application in the industry and other fields. assisting in co-curricular activities. performing related tasks; and. enhancing knowledge and coordinating work performance."
231109,2311-09,Tutor,2311,True,"Tutor. University and Higher Education T eaching Professionals prepare and deliver lectures and conduct tutorials in one or more subjects within a prescribed course of study at a university or other higher educational institution. They conduct research and prepare academic papers and books.. delivering lectures and conducting tutorials, research and releasing publications. giving lectures, supervising thesis projects, managing practical work/tutorials and preparing lecture notes/laboratory manuals. conducting examination matters, monitoring the practical training of students, assisting in reviewing / preparing the curriculum / syllabus, engaging in research work and undertaking student development work. providing consultancy services to students and outsiders, supervising projects, theses and student papers, conducting research, publishing journals, articles, books and other forms of related publications, services, performing community and professional services, helping students develop their potential and character, and managing academic-related activities. designing and modifying the curricula and preparing courses of study in accordance with the requirements. encouraging discussion and independent thinking among students. conducting research and developing concepts, theories and operational methods for application in the industry and other fields. assisting in co-curricular activities. performing related tasks; and. enhancing knowledge and coordinating work performance."
231110,2311-10,Professor,2311,False,"Professor. University and Higher Education T eaching Professionals prepare and deliver lectures and conduct tutorials in one or more subjects within a prescribed course of study at a university or other higher educational institution. They conduct research and prepare academic papers and books.. delivering lectures and conducting tutorials, research and releasing publications. giving lectures, supervising thesis projects, managing practical work/tutorials and preparing lecture notes/laboratory manuals. conducting examination matters, monitoring the practical training of students, assisting in reviewing / preparing the curriculum / syllabus, engaging in research work and undertaking student development work. providing consultancy services to students and outsiders, supervising projects, theses and student papers, conducting research, publishing journals, articles, books and other forms of related publications, services, performing community and professional services, helping students develop their potential and character, and managing academic-related activities. designing and modifying the curricula and preparing courses of study in accordance with the requirements. encouraging discussion and independent thinking among students. conducting research and developing concepts, theories and operational methods for application in the industry and other fields. assisting in co-curricular activities. performing related tasks; and. enhancing knowledge and coordinating work performance."
231111,2311-11,"Lecturer, College",2311,False,"Lecturer, College. University and Higher Education T eaching Professionals prepare and deliver lectures and conduct tutorials in one or more subjects within a prescribed course of study at a university or other higher educational institution. They conduct research and prepare academic papers and books.. delivering lectures and conducting tutorials, research and releasing publications. giving lectures, supervising thesis projects, managing practical work/tutorials and preparing lecture notes/laboratory manuals. conducting examination matters, monitoring the practical training of students, assisting in reviewing / preparing the curriculum / syllabus, engaging in research work and undertaking student development work. providing consultancy services to students and outsiders, supervising projects, theses and student papers, conducting research, publishing journals, articles, books and other forms of related publications, services, performing community and professional services, helping students develop their potential and character, and managing academic-related activities. designing and modifying the curricula and preparing courses of study in accordance with the requirements. encouraging discussion and independent thinking among students. conducting research and developing concepts, theories and operational methods for application in the industry and other fields. assisting in co-curricular activities. performing related tasks; and. enhancing knowledge and coordinating work performance."
231112,2311-12,"Lecturer, Polytechnic",2311,False,"Lecturer, Polytechnic. University and Higher Education T eaching Professionals prepare and deliver lectures and conduct tutorials in one or more subjects within a prescribed course of study at a university or other higher educational institution. They conduct research and prepare academic papers and books.. delivering lectures and conducting tutorials, research and releasing publications. giving lectures, supervising thesis projects, managing practical work/tutorials and preparing lecture notes/laboratory manuals. conducting examination matters, monitoring the practical training of students, assisting in reviewing / preparing the curriculum / syllabus, engaging in research work and undertaking student development work. providing consultancy services to students and outsiders, supervising projects, theses and student papers, conducting research, publishing journals, articles, books and other forms of related publications, services, performing community and professional services, helping students develop their potential and character, and managing academic-related activities. designing and modifying the curricula and preparing courses of study in accordance with the requirements. encouraging discussion and independent thinking among students. conducting research and developing concepts, theories and operational methods for application in the industry and other fields. assisting in co-curricular activities. performing related tasks; and. enhancing knowledge and coordinating work performance."
231113,2311-13,"Lecturer, University",2311,False,"Lecturer, University. University and Higher Education T eaching Professionals prepare and deliver lectures and conduct tutorials in one or more subjects within a prescribed course of study at a university or other higher educational institution. They conduct research and prepare academic papers and books.. delivering lectures and conducting tutorials, research and releasing publications. giving lectures, supervising thesis projects, managing practical work/tutorials and preparing lecture notes/laboratory manuals. conducting examination matters, monitoring the practical training of students, assisting in reviewing / preparing the curriculum / syllabus, engaging in research work and undertaking student development work. providing consultancy services to students and outsiders, supervising projects, theses and student papers, conducting research, publishing journals, articles, books and other forms of related publications, services, performing community and professional services, helping students develop their potential and character, and managing academic-related activities. designing and modifying the curricula and preparing courses of study in accordance with the requirements. encouraging discussion and independent thinking among students. conducting research and developing concepts, theories and operational methods for application in the industry and other fields. assisting in co-curricular activities. performing related tasks; and. enhancing knowledge and coordinating work performance."
231114,2311-14,"Professor, University",2311,False,"Professor, University. University and Higher Education T eaching Professionals prepare and deliver lectures and conduct tutorials in one or more subjects within a prescribed course of study at a university or other higher educational institution. They conduct research and prepare academic papers and books.. delivering lectures and conducting tutorials, research and releasing publications. giving lectures, supervising thesis projects, managing practical work/tutorials and preparing lecture notes/laboratory manuals. conducting examination matters, monitoring the practical training of students, assisting in reviewing / preparing the curriculum / syllabus, engaging in research work and undertaking student development work. providing consultancy services to students and outsiders, supervising projects, theses and student papers, conducting research, publishing journals, articles, books and other forms of related publications, services, performing community and professional services, helping students develop their potential and character, and managing academic-related activities. designing and modifying the curricula and preparing courses of study in accordance with the requirements. encouraging discussion and independent thinking among students. conducting research and developing concepts, theories and operational methods for application in the industry and other fields. assisting in co-curricular activities. performing related tasks; and. enhancing knowledge and coordinating work performance."
231115,2311-15,"Professor, College",2311,False,"Professor, College. University and Higher Education T eaching Professionals prepare and deliver lectures and conduct tutorials in one or more subjects within a prescribed course of study at a university or other higher educational institution. They conduct research and prepare academic papers and books.. delivering lectures and conducting tutorials, research and releasing publications. giving lectures, supervising thesis projects, managing practical work/tutorials and preparing lecture notes/laboratory manuals. conducting examination matters, monitoring the practical training of students, assisting in reviewing / preparing the curriculum / syllabus, engaging in research work and undertaking student development work. providing consultancy services to students and outsiders, supervising projects, theses and student papers, conducting research, publishing journals, articles, books and other forms of related publications, services, performing community and professional services, helping students develop their potential and character, and managing academic-related activities. designing and modifying the curricula and preparing courses of study in accordance with the requirements. encouraging discussion and independent thinking among students. conducting research and developing concepts, theories and operational methods for application in the industry and other fields. assisting in co-curricular activities. performing related tasks; and. enhancing knowledge and coordinating work performance."
231116,2311-16,"Tutor, University",2311,False,"Tutor, University. University and Higher Education T eaching Professionals prepare and deliver lectures and conduct tutorials in one or more subjects within a prescribed course of study at a university or other higher educational institution. They conduct research and prepare academic papers and books.. delivering lectures and conducting tutorials, research and releasing publications. giving lectures, supervising thesis projects, managing practical work/tutorials and preparing lecture notes/laboratory manuals. conducting examination matters, monitoring the practical training of students, assisting in reviewing / preparing the curriculum / syllabus, engaging in research work and undertaking student development work. providing consultancy services to students and outsiders, supervising projects, theses and student papers, conducting research, publishing journals, articles, books and other forms of related publications, services, performing community and professional services, helping students develop their potential and character, and managing academic-related activities. designing and modifying the curricula and preparing courses of study in accordance with the requirements. encouraging discussion and independent thinking among students. conducting research and developing concepts, theories and operational methods for application in the industry and other fields. assisting in co-curricular activities. performing related tasks; and. enhancing knowledge and coordinating work performance."
231117,2311-17,Pharmacy Lecturer Grade DUF45,2311,False,"Pharmacy Lecturer Grade DUF45. University and Higher Education T eaching Professionals prepare and deliver lectures and conduct tutorials in one or more subjects within a prescribed course of study at a university or other higher educational institution. They conduct research and prepare academic papers and books.. delivering lectures and conducting tutorials, research and releasing publications. giving lectures, supervising thesis projects, managing practical work/tutorials and preparing lecture notes/laboratory manuals. conducting examination matters, monitoring the practical training of students, assisting in reviewing / preparing the curriculum / syllabus, engaging in research work and undertaking student development work. providing consultancy services to students and outsiders, supervising projects, theses and student papers, conducting research, publishing journals, articles, books and other forms of related publications, services, performing community and professional services, helping students develop their potential and character, and managing academic-related activities. designing and modifying the curricula and preparing courses of study in accordance with the requirements. encouraging discussion and independent thinking among students. conducting research and developing concepts, theories and operational methods for application in the industry and other fields. assisting in co-curricular activities. performing related tasks; and. enhancing knowledge and coordinating work performance."
231118,2311-18,Higher Learning Education Officer Grade DH31,2311,False,"Higher Learning Education Officer Grade DH31. University and Higher Education T eaching Professionals prepare and deliver lectures and conduct tutorials in one or more subjects within a prescribed course of study at a university or other higher educational institution. They conduct research and prepare academic papers and books.. delivering lectures and conducting tutorials, research and releasing publications. giving lectures, supervising thesis projects, managing practical work/tutorials and preparing lecture notes/laboratory manuals. conducting examination matters, monitoring the practical training of students, assisting in reviewing / preparing the curriculum / syllabus, engaging in research work and undertaking student development work. providing consultancy services to students and outsiders, supervising projects, theses and student papers, conducting research, publishing journals, articles, books and other forms of related publications, services, performing community and professional services, helping students develop their potential and character, and managing academic-related activities. designing and modifying the curricula and preparing courses of study in accordance with the requirements. encouraging discussion and independent thinking among students. conducting research and developing concepts, theories and operational methods for application in the industry and other fields. assisting in co-curricular activities. performing related tasks; and. enhancing knowledge and coordinating work performance."
231119,2311-19,Higher Learning Education Officer Grade DH33,2311,False,"Higher Learning Education Officer Grade DH33. University and Higher Education T eaching Professionals prepare and deliver lectures and conduct tutorials in one or more subjects within a prescribed course of study at a university or other higher educational institution. They conduct research and prepare academic papers and books.. delivering lectures and conducting tutorials, research and releasing publications. giving lectures, supervising thesis projects, managing practical work/tutorials and preparing lecture notes/laboratory manuals. conducting examination matters, monitoring the practical training of students, assisting in reviewing / preparing the curriculum / syllabus, engaging in research work and undertaking student development work. providing consultancy services to students and outsiders, supervising projects, theses and student papers, conducting research, publishing journals, articles, books and other forms of related publications, services, performing community and professional services, helping students develop their potential and character, and managing academic-related activities. designing and modifying the curricula and preparing courses of study in accordance with the requirements. encouraging discussion and independent thinking among students. conducting research and developing concepts, theories and operational methods for application in the industry and other fields. assisting in co-curricular activities. performing related tasks; and. enhancing knowledge and coordinating work performance."
231120,2311-20,Higher Learning Education Officer Grade DH39,2311,False,"Higher Learning Education Officer Grade DH39. University and Higher Education T eaching Professionals prepare and deliver lectures and conduct tutorials in one or more subjects within a prescribed course of study at a university or other higher educational institution. They conduct research and prepare academic papers and books.. delivering lectures and conducting tutorials, research and releasing publications. giving lectures, supervising thesis projects, managing practical work/tutorials and preparing lecture notes/laboratory manuals. conducting examination matters, monitoring the practical training of students, assisting in reviewing / preparing the curriculum / syllabus, engaging in research work and undertaking student development work. providing consultancy services to students and outsiders, supervising projects, theses and student papers, conducting research, publishing journals, articles, books and other forms of related publications, services, performing community and professional services, helping students develop their potential and character, and managing academic-related activities. designing and modifying the curricula and preparing courses of study in accordance with the requirements. encouraging discussion and independent thinking among students. conducting research and developing concepts, theories and operational methods for application in the industry and other fields. assisting in co-curricular activities. performing related tasks; and. enhancing knowledge and coordinating work performance."
231121,2311-21,Higher Learning Education Officer Grade DH43,2311,False,"Higher Learning Education Officer Grade DH43. University and Higher Education T eaching Professionals prepare and deliver lectures and conduct tutorials in one or more subjects within a prescribed course of study at a university or other higher educational institution. They conduct research and prepare academic papers and books.. delivering lectures and conducting tutorials, research and releasing publications. giving lectures, supervising thesis projects, managing practical work/tutorials and preparing lecture notes/laboratory manuals. conducting examination matters, monitoring the practical training of students, assisting in reviewing / preparing the curriculum / syllabus, engaging in research work and undertaking student development work. providing consultancy services to students and outsiders, supervising projects, theses and student papers, conducting research, publishing journals, articles, books and other forms of related publications, services, performing community and professional services, helping students develop their potential and character, and managing academic-related activities. designing and modifying the curricula and preparing courses of study in accordance with the requirements. encouraging discussion and independent thinking among students. conducting research and developing concepts, theories and operational methods for application in the industry and other fields. assisting in co-curricular activities. performing related tasks; and. enhancing knowledge and coordinating work performance."
231122,2311-22,Higher Learning Education Officer Grade DH47,2311,False,"Higher Learning Education Officer Grade DH47. University and Higher Education T eaching Professionals prepare and deliver lectures and conduct tutorials in one or more subjects within a prescribed course of study at a university or other higher educational institution. They conduct research and prepare academic papers and books.. delivering lectures and conducting tutorials, research and releasing publications. giving lectures, supervising thesis projects, managing practical work/tutorials and preparing lecture notes/laboratory manuals. conducting examination matters, monitoring the practical training of students, assisting in reviewing / preparing the curriculum / syllabus, engaging in research work and undertaking student development work. providing consultancy services to students and outsiders, supervising projects, theses and student papers, conducting research, publishing journals, articles, books and other forms of related publications, services, performing community and professional services, helping students develop their potential and character, and managing academic-related activities. designing and modifying the curricula and preparing courses of study in accordance with the requirements. encouraging discussion and independent thinking among students. conducting research and developing concepts, theories and operational methods for application in the industry and other fields. assisting in co-curricular activities. performing related tasks; and. enhancing knowledge and coordinating work performance."
231123,2311-23,Higher Learning Education Officer Grade DH51,2311,False,"Higher Learning Education Officer Grade DH51. University and Higher Education T eaching Professionals prepare and deliver lectures and conduct tutorials in one or more subjects within a prescribed course of study at a university or other higher educational institution. They conduct research and prepare academic papers and books.. delivering lectures and conducting tutorials, research and releasing publications. giving lectures, supervising thesis projects, managing practical work/tutorials and preparing lecture notes/laboratory manuals. conducting examination matters, monitoring the practical training of students, assisting in reviewing / preparing the curriculum / syllabus, engaging in research work and undertaking student development work. providing consultancy services to students and outsiders, supervising projects, theses and student papers, conducting research, publishing journals, articles, books and other forms of related publications, services, performing community and professional services, helping students develop their potential and character, and managing academic-related activities. designing and modifying the curricula and preparing courses of study in accordance with the requirements. encouraging discussion and independent thinking among students. conducting research and developing concepts, theories and operational methods for application in the industry and other fields. assisting in co-curricular activities. performing related tasks; and. enhancing knowledge and coordinating work performance."
231124,2311-24,Higher Learning Education Officer Grade DH53,2311,False,"Higher Learning Education Officer Grade DH53. University and Higher Education T eaching Professionals prepare and deliver lectures and conduct tutorials in one or more subjects within a prescribed course of study at a university or other higher educational institution. They conduct research and prepare academic papers and books.. delivering lectures and conducting tutorials, research and releasing publications. giving lectures, supervising thesis projects, managing practical work/tutorials and preparing lecture notes/laboratory manuals. conducting examination matters, monitoring the practical training of students, assisting in reviewing / preparing the curriculum / syllabus, engaging in research work and undertaking student development work. providing consultancy services to students and outsiders, supervising projects, theses and student papers, conducting research, publishing journals, articles, books and other forms of related publications, services, performing community and professional services, helping students develop their potential and character, and managing academic-related activities. designing and modifying the curricula and preparing courses of study in accordance with the requirements. encouraging discussion and independent thinking among students. conducting research and developing concepts, theories and operational methods for application in the industry and other fields. assisting in co-curricular activities. performing related tasks; and. enhancing knowledge and coordinating work performance."
231125,2311-25,UiTM Lecturer Grade DM45,2311,False,"UiTM Lecturer Grade DM45. University and Higher Education T eaching Professionals prepare and deliver lectures and conduct tutorials in one or more subjects within a prescribed course of study at a university or other higher educational institution. They conduct research and prepare academic papers and books.. delivering lectures and conducting tutorials, research and releasing publications. giving lectures, supervising thesis projects, managing practical work/tutorials and preparing lecture notes/laboratory manuals. conducting examination matters, monitoring the practical training of students, assisting in reviewing / preparing the curriculum / syllabus, engaging in research work and undertaking student development work. providing consultancy services to students and outsiders, supervising projects, theses and student papers, conducting research, publishing journals, articles, books and other forms of related publications, services, performing community and professional services, helping students develop their potential and character, and managing academic-related activities. designing and modifying the curricula and preparing courses of study in accordance with the requirements. encouraging discussion and independent thinking among students. conducting research and developing concepts, theories and operational methods for application in the industry and other fields. assisting in co-curricular activities. performing related tasks; and. enhancing knowledge and coordinating work performance."
231126,2311-26,UiTM Lecturer Grade DM51,2311,False,"UiTM Lecturer Grade DM51. University and Higher Education T eaching Professionals prepare and deliver lectures and conduct tutorials in one or more subjects within a prescribed course of study at a university or other higher educational institution. They conduct research and prepare academic papers and books.. delivering lectures and conducting tutorials, research and releasing publications. giving lectures, supervising thesis projects, managing practical work/tutorials and preparing lecture notes/laboratory manuals. conducting examination matters, monitoring the practical training of students, assisting in reviewing / preparing the curriculum / syllabus, engaging in research work and undertaking student development work. providing consultancy services to students and outsiders, supervising projects, theses and student papers, conducting research, publishing journals, articles, books and other forms of related publications, services, performing community and professional services, helping students develop their potential and character, and managing academic-related activities. designing and modifying the curricula and preparing courses of study in accordance with the requirements. encouraging discussion and independent thinking among students. conducting research and developing concepts, theories and operational methods for application in the industry and other fields. assisting in co-curricular activities. performing related tasks; and. enhancing knowledge and coordinating work performance."
231127,2311-27,UiTM Lecturer Grade DM53,2311,False,"UiTM Lecturer Grade DM53. University and Higher Education T eaching Professionals prepare and deliver lectures and conduct tutorials in one or more subjects within a prescribed course of study at a university or other higher educational institution. They conduct research and prepare academic papers and books.. delivering lectures and conducting tutorials, research and releasing publications. giving lectures, supervising thesis projects, managing practical work/tutorials and preparing lecture notes/laboratory manuals. conducting examination matters, monitoring the practical training of students, assisting in reviewing / preparing the curriculum / syllabus, engaging in research work and undertaking student development work. providing consultancy services to students and outsiders, supervising projects, theses and student papers, conducting research, publishing journals, articles, books and other forms of related publications, services, performing community and professional services, helping students develop their potential and character, and managing academic-related activities. designing and modifying the curricula and preparing courses of study in accordance with the requirements. encouraging discussion and independent thinking among students. conducting research and developing concepts, theories and operational methods for application in the industry and other fields. assisting in co-curricular activities. performing related tasks; and. enhancing knowledge and coordinating work performance."
231128,2311-28,University Lecturer Grade DS51,2311,False,"University Lecturer Grade DS51. University and Higher Education T eaching Professionals prepare and deliver lectures and conduct tutorials in one or more subjects within a prescribed course of study at a university or other higher educational institution. They conduct research and prepare academic papers and books.. delivering lectures and conducting tutorials, research and releasing publications. giving lectures, supervising thesis projects, managing practical work/tutorials and preparing lecture notes/laboratory manuals. conducting examination matters, monitoring the practical training of students, assisting in reviewing / preparing the curriculum / syllabus, engaging in research work and undertaking student development work. providing consultancy services to students and outsiders, supervising projects, theses and student papers, conducting research, publishing journals, articles, books and other forms of related publications, services, performing community and professional services, helping students develop their potential and character, and managing academic-related activities. designing and modifying the curricula and preparing courses of study in accordance with the requirements. encouraging discussion and independent thinking among students. conducting research and developing concepts, theories and operational methods for application in the industry and other fields. assisting in co-curricular activities. performing related tasks; and. enhancing knowledge and coordinating work performance."
231129,2311-29,University Lecturer Grade DS53,2311,False,"University Lecturer Grade DS53. University and Higher Education T eaching Professionals prepare and deliver lectures and conduct tutorials in one or more subjects within a prescribed course of study at a university or other higher educational institution. They conduct research and prepare academic papers and books.. delivering lectures and conducting tutorials, research and releasing publications. giving lectures, supervising thesis projects, managing practical work/tutorials and preparing lecture notes/laboratory manuals. conducting examination matters, monitoring the practical training of students, assisting in reviewing / preparing the curriculum / syllabus, engaging in research work and undertaking student development work. providing consultancy services to students and outsiders, supervising projects, theses and student papers, conducting research, publishing journals, articles, books and other forms of related publications, services, performing community and professional services, helping students develop their potential and character, and managing academic-related activities. designing and modifying the curricula and preparing courses of study in accordance with the requirements. encouraging discussion and independent thinking among students. conducting research and developing concepts, theories and operational methods for application in the industry and other fields. assisting in co-curricular activities. performing related tasks; and. enhancing knowledge and coordinating work performance."
231130,2311-30,Medical Lecturer Grade DU51,2311,False,"Medical Lecturer Grade DU51. University and Higher Education T eaching Professionals prepare and deliver lectures and conduct tutorials in one or more subjects within a prescribed course of study at a university or other higher educational institution. They conduct research and prepare academic papers and books.. delivering lectures and conducting tutorials, research and releasing publications. giving lectures, supervising thesis projects, managing practical work/tutorials and preparing lecture notes/laboratory manuals. conducting examination matters, monitoring the practical training of students, assisting in reviewing / preparing the curriculum / syllabus, engaging in research work and undertaking student development work. providing consultancy services to students and outsiders, supervising projects, theses and student papers, conducting research, publishing journals, articles, books and other forms of related publications, services, performing community and professional services, helping students develop their potential and character, and managing academic-related activities. designing and modifying the curricula and preparing courses of study in accordance with the requirements. encouraging discussion and independent thinking among students. conducting research and developing concepts, theories and operational methods for application in the industry and other fields. assisting in co-curricular activities. performing related tasks; and. enhancing knowledge and coordinating work performance."
231131,2311-31,Medical Lecturer Grade DU53,2311,False,"Medical Lecturer Grade DU53. University and Higher Education T eaching Professionals prepare and deliver lectures and conduct tutorials in one or more subjects within a prescribed course of study at a university or other higher educational institution. They conduct research and prepare academic papers and books.. delivering lectures and conducting tutorials, research and releasing publications. giving lectures, supervising thesis projects, managing practical work/tutorials and preparing lecture notes/laboratory manuals. conducting examination matters, monitoring the practical training of students, assisting in reviewing / preparing the curriculum / syllabus, engaging in research work and undertaking student development work. providing consultancy services to students and outsiders, supervising projects, theses and student papers, conducting research, publishing journals, articles, books and other forms of related publications, services, performing community and professional services, helping students develop their potential and character, and managing academic-related activities. designing and modifying the curricula and preparing courses of study in accordance with the requirements. encouraging discussion and independent thinking among students. conducting research and developing concepts, theories and operational methods for application in the industry and other fields. assisting in co-curricular activities. performing related tasks; and. enhancing knowledge and coordinating work performance."
231132,2311-32,Dental Lecturer Grade DUG51,2311,False,"Dental Lecturer Grade DUG51. University and Higher Education T eaching Professionals prepare and deliver lectures and conduct tutorials in one or more subjects within a prescribed course of study at a university or other higher educational institution. They conduct research and prepare academic papers and books.. delivering lectures and conducting tutorials, research and releasing publications. giving lectures, supervising thesis projects, managing practical work/tutorials and preparing lecture notes/laboratory manuals. conducting examination matters, monitoring the practical training of students, assisting in reviewing / preparing the curriculum / syllabus, engaging in research work and undertaking student development work. providing consultancy services to students and outsiders, supervising projects, theses and student papers, conducting research, publishing journals, articles, books and other forms of related publications, services, performing community and professional services, helping students develop their potential and character, and managing academic-related activities. designing and modifying the curricula and preparing courses of study in accordance with the requirements. encouraging discussion and independent thinking among students. conducting research and developing concepts, theories and operational methods for application in the industry and other fields. assisting in co-curricular activities. performing related tasks; and. enhancing knowledge and coordinating work performance."
231133,2311-33,Dental Lecturer Grade DUG53,2311,False,"Dental Lecturer Grade DUG53. University and Higher Education T eaching Professionals prepare and deliver lectures and conduct tutorials in one or more subjects within a prescribed course of study at a university or other higher educational institution. They conduct research and prepare academic papers and books.. delivering lectures and conducting tutorials, research and releasing publications. giving lectures, supervising thesis projects, managing practical work/tutorials and preparing lecture notes/laboratory manuals. conducting examination matters, monitoring the practical training of students, assisting in reviewing / preparing the curriculum / syllabus, engaging in research work and undertaking student development work. providing consultancy services to students and outsiders, supervising projects, theses and student papers, conducting research, publishing journals, articles, books and other forms of related publications, services, performing community and professional services, helping students develop their potential and character, and managing academic-related activities. designing and modifying the curricula and preparing courses of study in accordance with the requirements. encouraging discussion and independent thinking among students. conducting research and developing concepts, theories and operational methods for application in the industry and other fields. assisting in co-curricular activities. performing related tasks; and. enhancing knowledge and coordinating work performance."
231134,2311-34,Pharmacy Lecturer Grade DUF51,2311,False,"Pharmacy Lecturer Grade DUF51. University and Higher Education T eaching Professionals prepare and deliver lectures and conduct tutorials in one or more subjects within a prescribed course of study at a university or other higher educational institution. They conduct research and prepare academic papers and books.. delivering lectures and conducting tutorials, research and releasing publications. giving lectures, supervising thesis projects, managing practical work/tutorials and preparing lecture notes/laboratory manuals. conducting examination matters, monitoring the practical training of students, assisting in reviewing / preparing the curriculum / syllabus, engaging in research work and undertaking student development work. providing consultancy services to students and outsiders, supervising projects, theses and student papers, conducting research, publishing journals, articles, books and other forms of related publications, services, performing community and professional services, helping students develop their potential and character, and managing academic-related activities. designing and modifying the curricula and preparing courses of study in accordance with the requirements. encouraging discussion and independent thinking among students. conducting research and developing concepts, theories and operational methods for application in the industry and other fields. assisting in co-curricular activities. performing related tasks; and. enhancing knowledge and coordinating work performance."
231135,2311-35,Pharmacy Lecturer Grade DUF53,2311,False,"Pharmacy Lecturer Grade DUF53. University and Higher Education T eaching Professionals prepare and deliver lectures and conduct tutorials in one or more subjects within a prescribed course of study at a university or other higher educational institution. They conduct research and prepare academic papers and books.. delivering lectures and conducting tutorials, research and releasing publications. giving lectures, supervising thesis projects, managing practical work/tutorials and preparing lecture notes/laboratory manuals. conducting examination matters, monitoring the practical training of students, assisting in reviewing / preparing the curriculum / syllabus, engaging in research work and undertaking student development work. providing consultancy services to students and outsiders, supervising projects, theses and student papers, conducting research, publishing journals, articles, books and other forms of related publications, services, performing community and professional services, helping students develop their potential and character, and managing academic-related activities. designing and modifying the curricula and preparing courses of study in accordance with the requirements. encouraging discussion and independent thinking among students. conducting research and developing concepts, theories and operational methods for application in the industry and other fields. assisting in co-curricular activities. performing related tasks; and. enhancing knowledge and coordinating work performance."
231136,2311-36,UiTM Lecturer Grade Khas C,2311,False,"UiTM Lecturer Grade Khas C. University and Higher Education T eaching Professionals prepare and deliver lectures and conduct tutorials in one or more subjects within a prescribed course of study at a university or other higher educational institution. They conduct research and prepare academic papers and books.. delivering lectures and conducting tutorials, research and releasing publications. giving lectures, supervising thesis projects, managing practical work/tutorials and preparing lecture notes/laboratory manuals. conducting examination matters, monitoring the practical training of students, assisting in reviewing / preparing the curriculum / syllabus, engaging in research work and undertaking student development work. providing consultancy services to students and outsiders, supervising projects, theses and student papers, conducting research, publishing journals, articles, books and other forms of related publications, services, performing community and professional services, helping students develop their potential and character, and managing academic-related activities. designing and modifying the curricula and preparing courses of study in accordance with the requirements. encouraging discussion and independent thinking among students. conducting research and developing concepts, theories and operational methods for application in the industry and other fields. assisting in co-curricular activities. performing related tasks; and. enhancing knowledge and coordinating work performance."
231137,2311-37,University Lecturer Grade Khas C,2311,False,"University Lecturer Grade Khas C. University and Higher Education T eaching Professionals prepare and deliver lectures and conduct tutorials in one or more subjects within a prescribed course of study at a university or other higher educational institution. They conduct research and prepare academic papers and books.. delivering lectures and conducting tutorials, research and releasing publications. giving lectures, supervising thesis projects, managing practical work/tutorials and preparing lecture notes/laboratory manuals. conducting examination matters, monitoring the practical training of students, assisting in reviewing / preparing the curriculum / syllabus, engaging in research work and undertaking student development work. providing consultancy services to students and outsiders, supervising projects, theses and student papers, conducting research, publishing journals, articles, books and other forms of related publications, services, performing community and professional services, helping students develop their potential and character, and managing academic-related activities. designing and modifying the curricula and preparing courses of study in accordance with the requirements. encouraging discussion and independent thinking among students. conducting research and developing concepts, theories and operational methods for application in the industry and other fields. assisting in co-curricular activities. performing related tasks; and. enhancing knowledge and coordinating work performance."
231138,2311-38,Medical Lecturer Grade DU55,2311,False,"Medical Lecturer Grade DU55. University and Higher Education T eaching Professionals prepare and deliver lectures and conduct tutorials in one or more subjects within a prescribed course of study at a university or other higher educational institution. They conduct research and prepare academic papers and books.. delivering lectures and conducting tutorials, research and releasing publications. giving lectures, supervising thesis projects, managing practical work/tutorials and preparing lecture notes/laboratory manuals. conducting examination matters, monitoring the practical training of students, assisting in reviewing / preparing the curriculum / syllabus, engaging in research work and undertaking student development work. providing consultancy services to students and outsiders, supervising projects, theses and student papers, conducting research, publishing journals, articles, books and other forms of related publications, services, performing community and professional services, helping students develop their potential and character, and managing academic-related activities. designing and modifying the curricula and preparing courses of study in accordance with the requirements. encouraging discussion and independent thinking among students. conducting research and developing concepts, theories and operational methods for application in the industry and other fields. assisting in co-curricular activities. performing related tasks; and. enhancing knowledge and coordinating work performance."
231139,2311-39,Medical Lecturer Grade Khas C,2311,False,"Medical Lecturer Grade Khas C. University and Higher Education T eaching Professionals prepare and deliver lectures and conduct tutorials in one or more subjects within a prescribed course of study at a university or other higher educational institution. They conduct research and prepare academic papers and books.. delivering lectures and conducting tutorials, research and releasing publications. giving lectures, supervising thesis projects, managing practical work/tutorials and preparing lecture notes/laboratory manuals. conducting examination matters, monitoring the practical training of students, assisting in reviewing / preparing the curriculum / syllabus, engaging in research work and undertaking student development work. providing consultancy services to students and outsiders, supervising projects, theses and student papers, conducting research, publishing journals, articles, books and other forms of related publications, services, performing community and professional services, helping students develop their potential and character, and managing academic-related activities. designing and modifying the curricula and preparing courses of study in accordance with the requirements. encouraging discussion and independent thinking among students. conducting research and developing concepts, theories and operational methods for application in the industry and other fields. assisting in co-curricular activities. performing related tasks; and. enhancing knowledge and coordinating work performance."
231140,2311-40,Dental Lecturer Grade DUG55,2311,False,"Dental Lecturer Grade DUG55. University and Higher Education T eaching Professionals prepare and deliver lectures and conduct tutorials in one or more subjects within a prescribed course of study at a university or other higher educational institution. They conduct research and prepare academic papers and books.. delivering lectures and conducting tutorials, research and releasing publications. giving lectures, supervising thesis projects, managing practical work/tutorials and preparing lecture notes/laboratory manuals. conducting examination matters, monitoring the practical training of students, assisting in reviewing / preparing the curriculum / syllabus, engaging in research work and undertaking student development work. providing consultancy services to students and outsiders, supervising projects, theses and student papers, conducting research, publishing journals, articles, books and other forms of related publications, services, performing community and professional services, helping students develop their potential and character, and managing academic-related activities. designing and modifying the curricula and preparing courses of study in accordance with the requirements. encouraging discussion and independent thinking among students. conducting research and developing concepts, theories and operational methods for application in the industry and other fields. assisting in co-curricular activities. performing related tasks; and. enhancing knowledge and coordinating work performance."
231141,2311-41,Dental Lecturer Grade Khas C,2311,False,"Dental Lecturer Grade Khas C. University and Higher Education T eaching Professionals prepare and deliver lectures and conduct tutorials in one or more subjects within a prescribed course of study at a university or other higher educational institution. They conduct research and prepare academic papers and books.. delivering lectures and conducting tutorials, research and releasing publications. giving lectures, supervising thesis projects, managing practical work/tutorials and preparing lecture notes/laboratory manuals. conducting examination matters, monitoring the practical training of students, assisting in reviewing / preparing the curriculum / syllabus, engaging in research work and undertaking student development work. providing consultancy services to students and outsiders, supervising projects, theses and student papers, conducting research, publishing journals, articles, books and other forms of related publications, services, performing community and professional services, helping students develop their potential and character, and managing academic-related activities. designing and modifying the curricula and preparing courses of study in accordance with the requirements. encouraging discussion and independent thinking among students. conducting research and developing concepts, theories and operational methods for application in the industry and other fields. assisting in co-curricular activities. performing related tasks; and. enhancing knowledge and coordinating work performance."
231142,2311-42,Pharmacy Lecturer Grade Khas C,2311,False,"Pharmacy Lecturer Grade Khas C. University and Higher Education T eaching Professionals prepare and deliver lectures and conduct tutorials in one or more subjects within a prescribed course of study at a university or other higher educational institution. They conduct research and prepare academic papers and books.. delivering lectures and conducting tutorials, research and releasing publications. giving lectures, supervising thesis projects, managing practical work/tutorials and preparing lecture notes/laboratory manuals. conducting examination matters, monitoring the practical training of students, assisting in reviewing / preparing the curriculum / syllabus, engaging in research work and undertaking student development work. providing consultancy services to students and outsiders, supervising projects, theses and student papers, conducting research, publishing journals, articles, books and other forms of related publications, services, performing community and professional services, helping students develop their potential and character, and managing academic-related activities. designing and modifying the curricula and preparing courses of study in accordance with the requirements. encouraging discussion and independent thinking among students. conducting research and developing concepts, theories and operational methods for application in the industry and other fields. assisting in co-curricular activities. performing related tasks; and. enhancing knowledge and coordinating work performance."
242301,2423-01,Personnel Safety Officer,2423,False,"Personnel Safety Officer. provide professional business services related to personnel policies such as employee recruitment or development, occupational analyses and vocational guidance.. advising on and performing personnel functions relating to recruitment, placement, training, staff performance, promotion, compensation and employee-management relations. maintaining personnel records and associated human resource information systems. studying and analysing jobs performed in an establishment, conducting interviews with workers, supervisors and the management, and writing detailed post, job and occupation descriptions from data obtained. preparing occupational information booklets/pamphlets and occupational classification systems. advising on aspects of personnel administration, manpower research and planning, training or occupational information and vocational guidance. studying and advising individuals on employment opportunities, career choices and further education or training. providing guidance to students, parents and teachers in a wide range of matters, including students’ personal problems, learning difficulties and special needs. performing related tasks; and. enhancing knowledge and coordinating work performance."
242302,2423-02,Personnel Officer,2423,False,"Personnel Officer. provide professional business services related to personnel policies such as employee recruitment or development, occupational analyses and vocational guidance.. advising on and performing personnel functions relating to recruitment, placement, training, staff performance, promotion, compensation and employee-management relations. maintaining personnel records and associated human resource information systems. studying and analysing jobs performed in an establishment, conducting interviews with workers, supervisors and the management, and writing detailed post, job and occupation descriptions from data obtained. preparing occupational information booklets/pamphlets and occupational classification systems. advising on aspects of personnel administration, manpower research and planning, training or occupational information and vocational guidance. studying and advising individuals on employment opportunities, career choices and further education or training. providing guidance to students, parents and teachers in a wide range of matters, including students’ personal problems, learning difficulties and special needs. performing related tasks; and. enhancing knowledge and coordinating work performance."
242303,2423-03,Human Resource Executive,2423,False,"Human Resource Executive. provide professional business services related to personnel policies such as employee recruitment or development, occupational analyses and vocational guidance.. advising on and performing personnel functions relating to recruitment, placement, training, staff performance, promotion, compensation and employee-management relations. maintaining personnel records and associated human resource information systems. studying and analysing jobs performed in an establishment, conducting interviews with workers, supervisors and the management, and writing detailed post, job and occupation descriptions from data obtained. preparing occupational information booklets/pamphlets and occupational classification systems. advising on aspects of personnel administration, manpower research and planning, training or occupational information and vocational guidance. studying and advising individuals on employment opportunities, career choices and further education or training. providing guidance to students, parents and teachers in a wide range of matters, including students’ personal problems, learning difficulties and special needs. performing related tasks; and. enhancing knowledge and coordinating work performance."
242304,2423-04,Job Analyst,2423,False,"Job Analyst. provide professional business services related to personnel policies such as employee recruitment or development, occupational analyses and vocational guidance.. advising on and performing personnel functions relating to recruitment, placement, training, staff performance, promotion, compensation and employee-management relations. maintaining personnel records and associated human resource information systems. studying and analysing jobs performed in an establishment, conducting interviews with workers, supervisors and the management, and writing detailed post, job and occupation descriptions from data obtained. preparing occupational information booklets/pamphlets and occupational classification systems. advising on aspects of personnel administration, manpower research and planning, training or occupational information and vocational guidance. studying and advising individuals on employment opportunities, career choices and further education or training. providing guidance to students, parents and teachers in a wide range of matters, including students’ personal problems, learning difficulties and special needs. performing related tasks; and. enhancing knowledge and coordinating work performance."
242305,2423-05,Occupational Analyst,2423,False,"Occupational Analyst. provide professional business services related to personnel policies such as employee recruitment or development, occupational analyses and vocational guidance.. advising on and performing personnel functions relating to recruitment, placement, training, staff performance, promotion, compensation and employee-management relations. maintaining personnel records and associated human resource information systems. studying and analysing jobs performed in an establishment, conducting interviews with workers, supervisors and the management, and writing detailed post, job and occupation descriptions from data obtained. preparing occupational information booklets/pamphlets and occupational classification systems. advising on aspects of personnel administration, manpower research and planning, training or occupational information and vocational guidance. studying and advising individuals on employment opportunities, career choices and further education or training. providing guidance to students, parents and teachers in a wide range of matters, including students’ personal problems, learning difficulties and special needs. performing related tasks; and. enhancing knowledge and coordinating work performance."
242306,2423-06,Job Evaluator,2423,False,"Job Evaluator. provide professional business services related to personnel policies such as employee recruitment or development, occupational analyses and vocational guidance.. advising on and performing personnel functions relating to recruitment, placement, training, staff performance, promotion, compensation and employee-management relations. maintaining personnel records and associated human resource information systems. studying and analysing jobs performed in an establishment, conducting interviews with workers, supervisors and the management, and writing detailed post, job and occupation descriptions from data obtained. preparing occupational information booklets/pamphlets and occupational classification systems. advising on aspects of personnel administration, manpower research and planning, training or occupational information and vocational guidance. studying and advising individuals on employment opportunities, career choices and further education or training. providing guidance to students, parents and teachers in a wide range of matters, including students’ personal problems, learning difficulties and special needs. performing related tasks; and. enhancing knowledge and coordinating work performance."
242307,2423-07,Employment Counselor,2423,False,"Employment Counselor. provide professional business services related to personnel policies such as employee recruitment or development, occupational analyses and vocational guidance.. advising on and performing personnel functions relating to recruitment, placement, training, staff performance, promotion, compensation and employee-management relations. maintaining personnel records and associated human resource information systems. studying and analysing jobs performed in an establishment, conducting interviews with workers, supervisors and the management, and writing detailed post, job and occupation descriptions from data obtained. preparing occupational information booklets/pamphlets and occupational classification systems. advising on aspects of personnel administration, manpower research and planning, training or occupational information and vocational guidance. studying and advising individuals on employment opportunities, career choices and further education or training. providing guidance to students, parents and teachers in a wide range of matters, including students’ personal problems, learning difficulties and special needs. performing related tasks; and. enhancing knowledge and coordinating work performance."
242308,2423-08,Occupational Guidance Officer,2423,False,"Occupational Guidance Officer. provide professional business services related to personnel policies such as employee recruitment or development, occupational analyses and vocational guidance.. advising on and performing personnel functions relating to recruitment, placement, training, staff performance, promotion, compensation and employee-management relations. maintaining personnel records and associated human resource information systems. studying and analysing jobs performed in an establishment, conducting interviews with workers, supervisors and the management, and writing detailed post, job and occupation descriptions from data obtained. preparing occupational information booklets/pamphlets and occupational classification systems. advising on aspects of personnel administration, manpower research and planning, training or occupational information and vocational guidance. studying and advising individuals on employment opportunities, career choices and further education or training. providing guidance to students, parents and teachers in a wide range of matters, including students’ personal problems, learning difficulties and special needs. performing related tasks; and. enhancing knowledge and coordinating work performance."
242309,2423-09,Career Adviser,2423,False,"Career Adviser. provide professional business services related to personnel policies such as employee recruitment or development, occupational analyses and vocational guidance.. advising on and performing personnel functions relating to recruitment, placement, training, staff performance, promotion, compensation and employee-management relations. maintaining personnel records and associated human resource information systems. studying and analysing jobs performed in an establishment, conducting interviews with workers, supervisors and the management, and writing detailed post, job and occupation descriptions from data obtained. preparing occupational information booklets/pamphlets and occupational classification systems. advising on aspects of personnel administration, manpower research and planning, training or occupational information and vocational guidance. studying and advising individuals on employment opportunities, career choices and further education or training. providing guidance to students, parents and teachers in a wide range of matters, including students’ personal problems, learning difficulties and special needs. performing related tasks; and. enhancing knowledge and coordinating work performance."
242310,2423-10,Labour Management Relations Conciliator,2423,False,"Labour Management Relations Conciliator. provide professional business services related to personnel policies such as employee recruitment or development, occupational analyses and vocational guidance.. advising on and performing personnel functions relating to recruitment, placement, training, staff performance, promotion, compensation and employee-management relations. maintaining personnel records and associated human resource information systems. studying and analysing jobs performed in an establishment, conducting interviews with workers, supervisors and the management, and writing detailed post, job and occupation descriptions from data obtained. preparing occupational information booklets/pamphlets and occupational classification systems. advising on aspects of personnel administration, manpower research and planning, training or occupational information and vocational guidance. studying and advising individuals on employment opportunities, career choices and further education or training. providing guidance to students, parents and teachers in a wide range of matters, including students’ personal problems, learning difficulties and special needs. performing related tasks; and. enhancing knowledge and coordinating work performance."
242311,2423-11,Personnel Consultant,2423,False,"Personnel Consultant. provide professional business services related to personnel policies such as employee recruitment or development, occupational analyses and vocational guidance.. advising on and performing personnel functions relating to recruitment, placement, training, staff performance, promotion, compensation and employee-management relations. maintaining personnel records and associated human resource information systems. studying and analysing jobs performed in an establishment, conducting interviews with workers, supervisors and the management, and writing detailed post, job and occupation descriptions from data obtained. preparing occupational information booklets/pamphlets and occupational classification systems. advising on aspects of personnel administration, manpower research and planning, training or occupational information and vocational guidance. studying and advising individuals on employment opportunities, career choices and further education or training. providing guidance to students, parents and teachers in a wide range of matters, including students’ personal problems, learning difficulties and special needs. performing related tasks; and. enhancing knowledge and coordinating work performance."
242312,2423-12,Human Resource Expert,2423,False,"Human Resource Expert. provide professional business services related to personnel policies such as employee recruitment or development, occupational analyses and vocational guidance.. advising on and performing personnel functions relating to recruitment, placement, training, staff performance, promotion, compensation and employee-management relations. maintaining personnel records and associated human resource information systems. studying and analysing jobs performed in an establishment, conducting interviews with workers, supervisors and the management, and writing detailed post, job and occupation descriptions from data obtained. preparing occupational information booklets/pamphlets and occupational classification systems. advising on aspects of personnel administration, manpower research and planning, training or occupational information and vocational guidance. studying and advising individuals on employment opportunities, career choices and further education or training. providing guidance to students, parents and teachers in a wide range of matters, including students’ personal problems, learning difficulties and special needs. performing related tasks; and. enhancing knowledge and coordinating work performance."
242313,2423-13,Vocational Guidance Counsellor,2423,False,"Vocational Guidance Counsellor. provide professional business services related to personnel policies such as employee recruitment or development, occupational analyses and vocational guidance.. advising on and performing personnel functions relating to recruitment, placement, training, staff performance, promotion, compensation and employee-management relations. maintaining personnel records and associated human resource information systems. studying and analysing jobs performed in an establishment, conducting interviews with workers, supervisors and the management, and writing detailed post, job and occupation descriptions from data obtained. preparing occupational information booklets/pamphlets and occupational classification systems. advising on aspects of personnel administration, manpower research and planning, training or occupational information and vocational guidance. studying and advising individuals on employment opportunities, career choices and further education or training. providing guidance to students, parents and teachers in a wide range of matters, including students’ personal problems, learning difficulties and special needs. performing related tasks; and. enhancing knowledge and coordinating work performance."
242314,2423-14,Industry Educator,2423,False,"Industry Educator. provide professional business services related to personnel policies such as employee recruitment or development, occupational analyses and vocational guidance.. advising on and performing personnel functions relating to recruitment, placement, training, staff performance, promotion, compensation and employee-management relations. maintaining personnel records and associated human resource information systems. studying and analysing jobs performed in an establishment, conducting interviews with workers, supervisors and the management, and writing detailed post, job and occupation descriptions from data obtained. preparing occupational information booklets/pamphlets and occupational classification systems. advising on aspects of personnel administration, manpower research and planning, training or occupational information and vocational guidance. studying and advising individuals on employment opportunities, career choices and further education or training. providing guidance to students, parents and teachers in a wide range of matters, including students’ personal problems, learning difficulties and special needs. performing related tasks; and. enhancing knowledge and coordinating work performance."
242315,2423-15,Training Consultant,2423,False,"Training Consultant. provide professional business services related to personnel policies such as employee recruitment or development, occupational analyses and vocational guidance.. advising on and performing personnel functions relating to recruitment, placement, training, staff performance, promotion, compensation and employee-management relations. maintaining personnel records and associated human resource information systems. studying and analysing jobs performed in an establishment, conducting interviews with workers, supervisors and the management, and writing detailed post, job and occupation descriptions from data obtained. preparing occupational information booklets/pamphlets and occupational classification systems. advising on aspects of personnel administration, manpower research and planning, training or occupational information and vocational guidance. studying and advising individuals on employment opportunities, career choices and further education or training. providing guidance to students, parents and teachers in a wide range of matters, including students’ personal problems, learning difficulties and special needs. performing related tasks; and. enhancing knowledge and coordinating work performance."
242316,2423-16,Human Resource Analyst,2423,False,"Human Resource Analyst. provide professional business services related to personnel policies such as employee recruitment or development, occupational analyses and vocational guidance.. advising on and performing personnel functions relating to recruitment, placement, training, staff performance, promotion, compensation and employee-management relations. maintaining personnel records and associated human resource information systems. studying and analysing jobs performed in an establishment, conducting interviews with workers, supervisors and the management, and writing detailed post, job and occupation descriptions from data obtained. preparing occupational information booklets/pamphlets and occupational classification systems. advising on aspects of personnel administration, manpower research and planning, training or occupational information and vocational guidance. studying and advising individuals on employment opportunities, career choices and further education or training. providing guidance to students, parents and teachers in a wide range of matters, including students’ personal problems, learning difficulties and special needs. performing related tasks; and. enhancing knowledge and coordinating work performance."
242317,2423-17,Human Resource Coordinator,2423,False,"Human Resource Coordinator. provide professional business services related to personnel policies such as employee recruitment or development, occupational analyses and vocational guidance.. advising on and performing personnel functions relating to recruitment, placement, training, staff performance, promotion, compensation and employee-management relations. maintaining personnel records and associated human resource information systems. studying and analysing jobs performed in an establishment, conducting interviews with workers, supervisors and the management, and writing detailed post, job and occupation descriptions from data obtained. preparing occupational information booklets/pamphlets and occupational classification systems. advising on aspects of personnel administration, manpower research and planning, training or occupational information and vocational guidance. studying and advising individuals on employment opportunities, career choices and further education or training. providing guidance to students, parents and teachers in a wide range of matters, including students’ personal problems, learning difficulties and special needs. performing related tasks; and. enhancing knowledge and coordinating work performance."
242318,2423-18,Human Resource Consultant,2423,False,"Human Resource Consultant. provide professional business services related to personnel policies such as employee recruitment or development, occupational analyses and vocational guidance.. advising on and performing personnel functions relating to recruitment, placement, training, staff performance, promotion, compensation and employee-management relations. maintaining personnel records and associated human resource information systems. studying and analysing jobs performed in an establishment, conducting interviews with workers, supervisors and the management, and writing detailed post, job and occupation descriptions from data obtained. preparing occupational information booklets/pamphlets and occupational classification systems. advising on aspects of personnel administration, manpower research and planning, training or occupational information and vocational guidance. studying and advising individuals on employment opportunities, career choices and further education or training. providing guidance to students, parents and teachers in a wide range of matters, including students’ personal problems, learning difficulties and special needs. performing related tasks; and. enhancing knowledge and coordinating work performance."
242319,2423-19,Talent Management Specialist,2423,False,"Talent Management Specialist. provide professional business services related to personnel policies such as employee recruitment or development, occupational analyses and vocational guidance.. advising on and performing personnel functions relating to recruitment, placement, training, staff performance, promotion, compensation and employee-management relations. maintaining personnel records and associated human resource information systems. studying and analysing jobs performed in an establishment, conducting interviews with workers, supervisors and the management, and writing detailed post, job and occupation descriptions from data obtained. preparing occupational information booklets/pamphlets and occupational classification systems. advising on aspects of personnel administration, manpower research and planning, training or occupational information and vocational guidance. studying and advising individuals on employment opportunities, career choices and further education or training. providing guidance to students, parents and teachers in a wide range of matters, including students’ personal problems, learning difficulties and special needs. performing related tasks; and. enhancing knowledge and coordinating work performance."
242320,2423-20,Training Specialist,2423,False,"Training Specialist. provide professional business services related to personnel policies such as employee recruitment or development, occupational analyses and vocational guidance.. advising on and performing personnel functions relating to recruitment, placement, training, staff performance, promotion, compensation and employee-management relations. maintaining personnel records and associated human resource information systems. studying and analysing jobs performed in an establishment, conducting interviews with workers, supervisors and the management, and writing detailed post, job and occupation descriptions from data obtained. preparing occupational information booklets/pamphlets and occupational classification systems. advising on aspects of personnel administration, manpower research and planning, training or occupational information and vocational guidance. studying and advising individuals on employment opportunities, career choices and further education or training. providing guidance to students, parents and teachers in a wide range of matters, including students’ personal problems, learning difficulties and special needs. performing related tasks; and. enhancing knowledge and coordinating work performance."
242321,2423-21,Talent Acquisition Consultant,2423,False,"Talent Acquisition Consultant. provide professional business services related to personnel policies such as employee recruitment or development, occupational analyses and vocational guidance.. advising on and performing personnel functions relating to recruitment, placement, training, staff performance, promotion, compensation and employee-management relations. maintaining personnel records and associated human resource information systems. studying and analysing jobs performed in an establishment, conducting interviews with workers, supervisors and the management, and writing detailed post, job and occupation descriptions from data obtained. preparing occupational information booklets/pamphlets and occupational classification systems. advising on aspects of personnel administration, manpower research and planning, training or occupational information and vocational guidance. studying and advising individuals on employment opportunities, career choices and further education or training. providing guidance to students, parents and teachers in a wide range of matters, including students’ personal problems, learning difficulties and special needs. performing related tasks; and. enhancing knowledge and coordinating work performance."
242322,2423-22,"Training Executive, Halal Industry",2423,False,"Training Executive, Halal Industry. provide professional business services related to personnel policies such as employee recruitment or development, occupational analyses and vocational guidance.. advising on and performing personnel functions relating to recruitment, placement, training, staff performance, promotion, compensation and employee-management relations. maintaining personnel records and associated human resource information systems. studying and analysing jobs performed in an establishment, conducting interviews with workers, supervisors and the management, and writing detailed post, job and occupation descriptions from data obtained. preparing occupational information booklets/pamphlets and occupational classification systems. advising on aspects of personnel administration, manpower research and planning, training or occupational information and vocational guidance. studying and advising individuals on employment opportunities, career choices and further education or training. providing guidance to students, parents and teachers in a wide range of matters, including students’ personal problems, learning difficulties and special needs. performing related tasks; and. enhancing knowledge and coordinating work performance."
242323,2423-23,Human Resource Officer,2423,True,"Human Resource Officer. provide professional business services related to personnel policies such as employee recruitment or development, occupational analyses and vocational guidance.. advising on and performing personnel functions relating to recruitment, placement, training, staff performance, promotion, compensation and employee-management relations. maintaining personnel records and associated human resource information systems. studying and analysing jobs performed in an establishment, conducting interviews with workers, supervisors and the management, and writing detailed post, job and occupation descriptions from data obtained. preparing occupational information booklets/pamphlets and occupational classification systems. advising on aspects of personnel administration, manpower research and planning, training or occupational information and vocational guidance. studying and advising individuals on employment opportunities, career choices and further education or training. providing guidance to students, parents and teachers in a wide range of matters, including students’ personal problems, learning difficulties and special needs. performing related tasks; and. enhancing knowledge and coordinating work performance."
242324,2423-24,Student Recruitment Officer,2423,False,"Student Recruitment Officer. provide professional business services related to personnel policies such as employee recruitment or development, occupational analyses and vocational guidance.. advising on and performing personnel functions relating to recruitment, placement, training, staff performance, promotion, compensation and employee-management relations. maintaining personnel records and associated human resource information systems. studying and analysing jobs performed in an establishment, conducting interviews with workers, supervisors and the management, and writing detailed post, job and occupation descriptions from data obtained. preparing occupational information booklets/pamphlets and occupational classification systems. advising on aspects of personnel administration, manpower research and planning, training or occupational information and vocational guidance. studying and advising individuals on employment opportunities, career choices and further education or training. providing guidance to students, parents and teachers in a wide range of matters, including students’ personal problems, learning difficulties and special needs. performing related tasks; and. enhancing knowledge and coordinating work performance."
242325,2423-25,Training Administrator,2423,False,"Training Administrator. provide professional business services related to personnel policies such as employee recruitment or development, occupational analyses and vocational guidance.. advising on and performing personnel functions relating to recruitment, placement, training, staff performance, promotion, compensation and employee-management relations. maintaining personnel records and associated human resource information systems. studying and analysing jobs performed in an establishment, conducting interviews with workers, supervisors and the management, and writing detailed post, job and occupation descriptions from data obtained. preparing occupational information booklets/pamphlets and occupational classification systems. advising on aspects of personnel administration, manpower research and planning, training or occupational information and vocational guidance. studying and advising individuals on employment opportunities, career choices and further education or training. providing guidance to students, parents and teachers in a wide range of matters, including students’ personal problems, learning difficulties and special needs. performing related tasks; and. enhancing knowledge and coordinating work performance."
243101,2431-01,Advertising Executive Account,2431,False,"Advertising Executive Account. develop and coordinate advertising strategies and campaigns and develop market opportunities for new and existing goods and services.. planning, implementing and monitoring various business activities. reporting on customer feedback and requirements to manufacturers. developing and devising creative ideas for an advertising campaign for a brand or business. advising clients on how, when and where to spend their advertising budgets. providing direct, creative and strategic communication with the target audience, e.g. direct mail and direct response radio advertising. interacting with the media. performing related tasks; and. enhancing knowledge and coordinating work performance."
243102,2431-02,Market Research Business Analyst,2431,False,"Market Research Business Analyst. develop and coordinate advertising strategies and campaigns and develop market opportunities for new and existing goods and services.. planning, implementing and monitoring various business activities. reporting on customer feedback and requirements to manufacturers. developing and devising creative ideas for an advertising campaign for a brand or business. advising clients on how, when and where to spend their advertising budgets. providing direct, creative and strategic communication with the target audience, e.g. direct mail and direct response radio advertising. interacting with the media. performing related tasks; and. enhancing knowledge and coordinating work performance."
243103,2431-03,Sales Promotion Officer,2431,False,"Sales Promotion Officer. develop and coordinate advertising strategies and campaigns and develop market opportunities for new and existing goods and services.. planning, implementing and monitoring various business activities. reporting on customer feedback and requirements to manufacturers. developing and devising creative ideas for an advertising campaign for a brand or business. advising clients on how, when and where to spend their advertising budgets. providing direct, creative and strategic communication with the target audience, e.g. direct mail and direct response radio advertising. interacting with the media. performing related tasks; and. enhancing knowledge and coordinating work performance."
243104,2431-04,Business Efficiency Officer,2431,False,"Business Efficiency Officer. develop and coordinate advertising strategies and campaigns and develop market opportunities for new and existing goods and services.. planning, implementing and monitoring various business activities. reporting on customer feedback and requirements to manufacturers. developing and devising creative ideas for an advertising campaign for a brand or business. advising clients on how, when and where to spend their advertising budgets. providing direct, creative and strategic communication with the target audience, e.g. direct mail and direct response radio advertising. interacting with the media. performing related tasks; and. enhancing knowledge and coordinating work performance."
243105,2431-05,Business Executive,2431,False,"Business Executive. develop and coordinate advertising strategies and campaigns and develop market opportunities for new and existing goods and services.. planning, implementing and monitoring various business activities. reporting on customer feedback and requirements to manufacturers. developing and devising creative ideas for an advertising campaign for a brand or business. advising clients on how, when and where to spend their advertising budgets. providing direct, creative and strategic communication with the target audience, e.g. direct mail and direct response radio advertising. interacting with the media. performing related tasks; and. enhancing knowledge and coordinating work performance."
243106,2431-06,Patent Agent,2431,False,"Patent Agent. develop and coordinate advertising strategies and campaigns and develop market opportunities for new and existing goods and services.. planning, implementing and monitoring various business activities. reporting on customer feedback and requirements to manufacturers. developing and devising creative ideas for an advertising campaign for a brand or business. advising clients on how, when and where to spend their advertising budgets. providing direct, creative and strategic communication with the target audience, e.g. direct mail and direct response radio advertising. interacting with the media. performing related tasks; and. enhancing knowledge and coordinating work performance."
243107,2431-07,Market Research Analyst,2431,False,"Market Research Analyst. develop and coordinate advertising strategies and campaigns and develop market opportunities for new and existing goods and services.. planning, implementing and monitoring various business activities. reporting on customer feedback and requirements to manufacturers. developing and devising creative ideas for an advertising campaign for a brand or business. advising clients on how, when and where to spend their advertising budgets. providing direct, creative and strategic communication with the target audience, e.g. direct mail and direct response radio advertising. interacting with the media. performing related tasks; and. enhancing knowledge and coordinating work performance."
243108,2431-08,Sales Specialist,2431,False,"Sales Specialist. develop and coordinate advertising strategies and campaigns and develop market opportunities for new and existing goods and services.. planning, implementing and monitoring various business activities. reporting on customer feedback and requirements to manufacturers. developing and devising creative ideas for an advertising campaign for a brand or business. advising clients on how, when and where to spend their advertising budgets. providing direct, creative and strategic communication with the target audience, e.g. direct mail and direct response radio advertising. interacting with the media. performing related tasks; and. enhancing knowledge and coordinating work performance."
243109,2431-09,Business Compliance Executive,2431,False,"Business Compliance Executive. develop and coordinate advertising strategies and campaigns and develop market opportunities for new and existing goods and services.. planning, implementing and monitoring various business activities. reporting on customer feedback and requirements to manufacturers. developing and devising creative ideas for an advertising campaign for a brand or business. advising clients on how, when and where to spend their advertising budgets. providing direct, creative and strategic communication with the target audience, e.g. direct mail and direct response radio advertising. interacting with the media. performing related tasks; and. enhancing knowledge and coordinating work performance."
243110,2431-10,Marketing Communications Specialist,2431,False,"Marketing Communications Specialist. develop and coordinate advertising strategies and campaigns and develop market opportunities for new and existing goods and services.. planning, implementing and monitoring various business activities. reporting on customer feedback and requirements to manufacturers. developing and devising creative ideas for an advertising campaign for a brand or business. advising clients on how, when and where to spend their advertising budgets. providing direct, creative and strategic communication with the target audience, e.g. direct mail and direct response radio advertising. interacting with the media. performing related tasks; and. enhancing knowledge and coordinating work performance."
243111,2431-11,Compliance Officer,2431,False,"Compliance Officer. develop and coordinate advertising strategies and campaigns and develop market opportunities for new and existing goods and services.. planning, implementing and monitoring various business activities. reporting on customer feedback and requirements to manufacturers. developing and devising creative ideas for an advertising campaign for a brand or business. advising clients on how, when and where to spend their advertising budgets. providing direct, creative and strategic communication with the target audience, e.g. direct mail and direct response radio advertising. interacting with the media. performing related tasks; and. enhancing knowledge and coordinating work performance."
243112,2431-12,Shariah Compliance Officer,2431,False,"Shariah Compliance Officer. develop and coordinate advertising strategies and campaigns and develop market opportunities for new and existing goods and services.. planning, implementing and monitoring various business activities. reporting on customer feedback and requirements to manufacturers. developing and devising creative ideas for an advertising campaign for a brand or business. advising clients on how, when and where to spend their advertising budgets. providing direct, creative and strategic communication with the target audience, e.g. direct mail and direct response radio advertising. interacting with the media. performing related tasks; and. enhancing knowledge and coordinating work performance."
243113,2431-13,Compliance Analyst,2431,False,"Compliance Analyst. develop and coordinate advertising strategies and campaigns and develop market opportunities for new and existing goods and services.. planning, implementing and monitoring various business activities. reporting on customer feedback and requirements to manufacturers. developing and devising creative ideas for an advertising campaign for a brand or business. advising clients on how, when and where to spend their advertising budgets. providing direct, creative and strategic communication with the target audience, e.g. direct mail and direct response radio advertising. interacting with the media. performing related tasks; and. enhancing knowledge and coordinating work performance."
243114,2431-14,Trade Product Specialist,2431,False,"Trade Product Specialist. develop and coordinate advertising strategies and campaigns and develop market opportunities for new and existing goods and services.. planning, implementing and monitoring various business activities. reporting on customer feedback and requirements to manufacturers. developing and devising creative ideas for an advertising campaign for a brand or business. advising clients on how, when and where to spend their advertising budgets. providing direct, creative and strategic communication with the target audience, e.g. direct mail and direct response radio advertising. interacting with the media. performing related tasks; and. enhancing knowledge and coordinating work performance."
243115,2431-15,Business Development Engineer,2431,False,"Business Development Engineer. develop and coordinate advertising strategies and campaigns and develop market opportunities for new and existing goods and services.. planning, implementing and monitoring various business activities. reporting on customer feedback and requirements to manufacturers. developing and devising creative ideas for an advertising campaign for a brand or business. advising clients on how, when and where to spend their advertising budgets. providing direct, creative and strategic communication with the target audience, e.g. direct mail and direct response radio advertising. interacting with the media. performing related tasks; and. enhancing knowledge and coordinating work performance."
243116,2431-16,"Market Research Analyst, Halal Industry",2431,False,"Market Research Analyst, Halal Industry. develop and coordinate advertising strategies and campaigns and develop market opportunities for new and existing goods and services.. planning, implementing and monitoring various business activities. reporting on customer feedback and requirements to manufacturers. developing and devising creative ideas for an advertising campaign for a brand or business. advising clients on how, when and where to spend their advertising budgets. providing direct, creative and strategic communication with the target audience, e.g. direct mail and direct response radio advertising. interacting with the media. performing related tasks; and. enhancing knowledge and coordinating work performance."
243117,2431-17,Technical Adviser,2431,False,"Technical Adviser. develop and coordinate advertising strategies and campaigns and develop market opportunities for new and existing goods and services.. planning, implementing and monitoring various business activities. reporting on customer feedback and requirements to manufacturers. developing and devising creative ideas for an advertising campaign for a brand or business. advising clients on how, when and where to spend their advertising budgets. providing direct, creative and strategic communication with the target audience, e.g. direct mail and direct response radio advertising. interacting with the media. performing related tasks; and. enhancing knowledge and coordinating work performance."
243118,2431-18,Export Executive,2431,False,"Export Executive. develop and coordinate advertising strategies and campaigns and develop market opportunities for new and existing goods and services.. planning, implementing and monitoring various business activities. reporting on customer feedback and requirements to manufacturers. developing and devising creative ideas for an advertising campaign for a brand or business. advising clients on how, when and where to spend their advertising budgets. providing direct, creative and strategic communication with the target audience, e.g. direct mail and direct response radio advertising. interacting with the media. performing related tasks; and. enhancing knowledge and coordinating work performance."
243119,2431-19,Sales Executive,2431,False,"Sales Executive. develop and coordinate advertising strategies and campaigns and develop market opportunities for new and existing goods and services.. planning, implementing and monitoring various business activities. reporting on customer feedback and requirements to manufacturers. developing and devising creative ideas for an advertising campaign for a brand or business. advising clients on how, when and where to spend their advertising budgets. providing direct, creative and strategic communication with the target audience, e.g. direct mail and direct response radio advertising. interacting with the media. performing related tasks; and. enhancing knowledge and coordinating work performance."
243120,2431-20,Marketing Executive,2431,False,"Marketing Executive. develop and coordinate advertising strategies and campaigns and develop market opportunities for new and existing goods and services.. planning, implementing and monitoring various business activities. reporting on customer feedback and requirements to manufacturers. developing and devising creative ideas for an advertising campaign for a brand or business. advising clients on how, when and where to spend their advertising budgets. providing direct, creative and strategic communication with the target audience, e.g. direct mail and direct response radio advertising. interacting with the media. performing related tasks; and. enhancing knowledge and coordinating work performance."
243121,2431-21,Business Development Executive,2431,False,"Business Development Executive. develop and coordinate advertising strategies and campaigns and develop market opportunities for new and existing goods and services.. planning, implementing and monitoring various business activities. reporting on customer feedback and requirements to manufacturers. developing and devising creative ideas for an advertising campaign for a brand or business. advising clients on how, when and where to spend their advertising budgets. providing direct, creative and strategic communication with the target audience, e.g. direct mail and direct response radio advertising. interacting with the media. performing related tasks; and. enhancing knowledge and coordinating work performance."
243122,2431-22,Sales Administrative Executive,2431,False,"Sales Administrative Executive. develop and coordinate advertising strategies and campaigns and develop market opportunities for new and existing goods and services.. planning, implementing and monitoring various business activities. reporting on customer feedback and requirements to manufacturers. developing and devising creative ideas for an advertising campaign for a brand or business. advising clients on how, when and where to spend their advertising budgets. providing direct, creative and strategic communication with the target audience, e.g. direct mail and direct response radio advertising. interacting with the media. performing related tasks; and. enhancing knowledge and coordinating work performance."
243123,2431-23,Product Brand Executive,2431,False,"Product Brand Executive. develop and coordinate advertising strategies and campaigns and develop market opportunities for new and existing goods and services.. planning, implementing and monitoring various business activities. reporting on customer feedback and requirements to manufacturers. developing and devising creative ideas for an advertising campaign for a brand or business. advising clients on how, when and where to spend their advertising budgets. providing direct, creative and strategic communication with the target audience, e.g. direct mail and direct response radio advertising. interacting with the media. performing related tasks; and. enhancing knowledge and coordinating work performance."
243124,2431-24,"Executive Analyst, Market Research",2431,False,"Executive Analyst, Market Research. develop and coordinate advertising strategies and campaigns and develop market opportunities for new and existing goods and services.. planning, implementing and monitoring various business activities. reporting on customer feedback and requirements to manufacturers. developing and devising creative ideas for an advertising campaign for a brand or business. advising clients on how, when and where to spend their advertising budgets. providing direct, creative and strategic communication with the target audience, e.g. direct mail and direct response radio advertising. interacting with the media. performing related tasks; and. enhancing knowledge and coordinating work performance."
243125,2431-25,Field Consultant,2431,False,"Field Consultant. develop and coordinate advertising strategies and campaigns and develop market opportunities for new and existing goods and services.. planning, implementing and monitoring various business activities. reporting on customer feedback and requirements to manufacturers. developing and devising creative ideas for an advertising campaign for a brand or business. advising clients on how, when and where to spend their advertising budgets. providing direct, creative and strategic communication with the target audience, e.g. direct mail and direct response radio advertising. interacting with the media. performing related tasks; and. enhancing knowledge and coordinating work performance."
243126,2431-26,Area Support Sales Engineer,2431,False,"Area Support Sales Engineer. develop and coordinate advertising strategies and campaigns and develop market opportunities for new and existing goods and services.. planning, implementing and monitoring various business activities. reporting on customer feedback and requirements to manufacturers. developing and devising creative ideas for an advertising campaign for a brand or business. advising clients on how, when and where to spend their advertising budgets. providing direct, creative and strategic communication with the target audience, e.g. direct mail and direct response radio advertising. interacting with the media. performing related tasks; and. enhancing knowledge and coordinating work performance."
243127,2431-27,Commercial Railway Officer,2431,False,"Commercial Railway Officer. develop and coordinate advertising strategies and campaigns and develop market opportunities for new and existing goods and services.. planning, implementing and monitoring various business activities. reporting on customer feedback and requirements to manufacturers. developing and devising creative ideas for an advertising campaign for a brand or business. advising clients on how, when and where to spend their advertising budgets. providing direct, creative and strategic communication with the target audience, e.g. direct mail and direct response radio advertising. interacting with the media. performing related tasks; and. enhancing knowledge and coordinating work performance."
243128,2431-28,Regional Sales Executive,2431,False,"Regional Sales Executive. develop and coordinate advertising strategies and campaigns and develop market opportunities for new and existing goods and services.. planning, implementing and monitoring various business activities. reporting on customer feedback and requirements to manufacturers. developing and devising creative ideas for an advertising campaign for a brand or business. advising clients on how, when and where to spend their advertising budgets. providing direct, creative and strategic communication with the target audience, e.g. direct mail and direct response radio advertising. interacting with the media. performing related tasks; and. enhancing knowledge and coordinating work performance."
243129,2431-29,Offshore Sales Executive,2431,False,"Offshore Sales Executive. develop and coordinate advertising strategies and campaigns and develop market opportunities for new and existing goods and services.. planning, implementing and monitoring various business activities. reporting on customer feedback and requirements to manufacturers. developing and devising creative ideas for an advertising campaign for a brand or business. advising clients on how, when and where to spend their advertising budgets. providing direct, creative and strategic communication with the target audience, e.g. direct mail and direct response radio advertising. interacting with the media. performing related tasks; and. enhancing knowledge and coordinating work performance."
243130,2431-30,Sales Engineer,2431,False,"Sales Engineer. develop and coordinate advertising strategies and campaigns and develop market opportunities for new and existing goods and services.. planning, implementing and monitoring various business activities. reporting on customer feedback and requirements to manufacturers. developing and devising creative ideas for an advertising campaign for a brand or business. advising clients on how, when and where to spend their advertising budgets. providing direct, creative and strategic communication with the target audience, e.g. direct mail and direct response radio advertising. interacting with the media. performing related tasks; and. enhancing knowledge and coordinating work performance."
243131,2431-31,Marketing Engineer,2431,False,"Marketing Engineer. develop and coordinate advertising strategies and campaigns and develop market opportunities for new and existing goods and services.. planning, implementing and monitoring various business activities. reporting on customer feedback and requirements to manufacturers. developing and devising creative ideas for an advertising campaign for a brand or business. advising clients on how, when and where to spend their advertising budgets. providing direct, creative and strategic communication with the target audience, e.g. direct mail and direct response radio advertising. interacting with the media. performing related tasks; and. enhancing knowledge and coordinating work performance."
243132,2431-32,Technical Sales Engineer,2431,False,"Technical Sales Engineer. develop and coordinate advertising strategies and campaigns and develop market opportunities for new and existing goods and services.. planning, implementing and monitoring various business activities. reporting on customer feedback and requirements to manufacturers. developing and devising creative ideas for an advertising campaign for a brand or business. advising clients on how, when and where to spend their advertising budgets. providing direct, creative and strategic communication with the target audience, e.g. direct mail and direct response radio advertising. interacting with the media. performing related tasks; and. enhancing knowledge and coordinating work performance."
243133,2431-33,Marketing Executive Grade P3,2431,False,"Marketing Executive Grade P3. develop and coordinate advertising strategies and campaigns and develop market opportunities for new and existing goods and services.. planning, implementing and monitoring various business activities. reporting on customer feedback and requirements to manufacturers. developing and devising creative ideas for an advertising campaign for a brand or business. advising clients on how, when and where to spend their advertising budgets. providing direct, creative and strategic communication with the target audience, e.g. direct mail and direct response radio advertising. interacting with the media. performing related tasks; and. enhancing knowledge and coordinating work performance."
243134,2431-34,Social Media Marketing Executive,2431,False,"Social Media Marketing Executive. develop and coordinate advertising strategies and campaigns and develop market opportunities for new and existing goods and services.. planning, implementing and monitoring various business activities. reporting on customer feedback and requirements to manufacturers. developing and devising creative ideas for an advertising campaign for a brand or business. advising clients on how, when and where to spend their advertising budgets. providing direct, creative and strategic communication with the target audience, e.g. direct mail and direct response radio advertising. interacting with the media. performing related tasks; and. enhancing knowledge and coordinating work performance."
243135,2431-35,Digital Marketing Executive,2431,True,"Digital Marketing Executive. develop and coordinate advertising strategies and campaigns and develop market opportunities for new and existing goods and services.. planning, implementing and monitoring various business activities. reporting on customer feedback and requirements to manufacturers. developing and devising creative ideas for an advertising campaign for a brand or business. advising clients on how, when and where to spend their advertising budgets. providing direct, creative and strategic communication with the target audience, e.g. direct mail and direct response radio advertising. interacting with the media. performing related tasks; and. enhancing knowledge and coordinating work performance."
243136,2431-36,Marketing Officer,2431,False,"Marketing Officer. develop and coordinate advertising strategies and campaigns and develop market opportunities for new and existing goods and services.. planning, implementing and monitoring various business activities. reporting on customer feedback and requirements to manufacturers. developing and devising creative ideas for an advertising campaign for a brand or business. advising clients on how, when and where to spend their advertising budgets. providing direct, creative and strategic communication with the target audience, e.g. direct mail and direct response radio advertising. interacting with the media. performing related tasks; and. enhancing knowledge and coordinating work performance."
243137,2431-37,Sales Officer,2431,False,"Sales Officer. develop and coordinate advertising strategies and campaigns and develop market opportunities for new and existing goods and services.. planning, implementing and monitoring various business activities. reporting on customer feedback and requirements to manufacturers. developing and devising creative ideas for an advertising campaign for a brand or business. advising clients on how, when and where to spend their advertising budgets. providing direct, creative and strategic communication with the target audience, e.g. direct mail and direct response radio advertising. interacting with the media. performing related tasks; and. enhancing knowledge and coordinating work performance."
243138,2431-38,Sales Executive Coordinator,2431,False,"Sales Executive Coordinator. develop and coordinate advertising strategies and campaigns and develop market opportunities for new and existing goods and services.. planning, implementing and monitoring various business activities. reporting on customer feedback and requirements to manufacturers. developing and devising creative ideas for an advertising campaign for a brand or business. advising clients on how, when and where to spend their advertising budgets. providing direct, creative and strategic communication with the target audience, e.g. direct mail and direct response radio advertising. interacting with the media. performing related tasks; and. enhancing knowledge and coordinating work performance."
243139,2431-39,Merger dan Acquisition Executive,2431,False,"Merger dan Acquisition Executive. develop and coordinate advertising strategies and campaigns and develop market opportunities for new and existing goods and services.. planning, implementing and monitoring various business activities. reporting on customer feedback and requirements to manufacturers. developing and devising creative ideas for an advertising campaign for a brand or business. advising clients on how, when and where to spend their advertising budgets. providing direct, creative and strategic communication with the target audience, e.g. direct mail and direct response radio advertising. interacting with the media. performing related tasks; and. enhancing knowledge and coordinating work performance."
243140,2431-40,Sales and Marketing Executive,2431,False,"Sales and Marketing Executive. develop and coordinate advertising strategies and campaigns and develop market opportunities for new and existing goods and services.. planning, implementing and monitoring various business activities. reporting on customer feedback and requirements to manufacturers. developing and devising creative ideas for an advertising campaign for a brand or business. advising clients on how, when and where to spend their advertising budgets. providing direct, creative and strategic communication with the target audience, e.g. direct mail and direct response radio advertising. interacting with the media. performing related tasks; and. enhancing knowledge and coordinating work performance."
243141,2431-41,Event Executive,2431,False,"Event Executive. develop and coordinate advertising strategies and campaigns and develop market opportunities for new and existing goods and services.. planning, implementing and monitoring various business activities. reporting on customer feedback and requirements to manufacturers. developing and devising creative ideas for an advertising campaign for a brand or business. advising clients on how, when and where to spend their advertising budgets. providing direct, creative and strategic communication with the target audience, e.g. direct mail and direct response radio advertising. interacting with the media. performing related tasks; and. enhancing knowledge and coordinating work performance."
251201,2512-01,Software Developer,2512,True,"Software Developer. Software Developers study, analyse and evaluate requirements for existing or new software applications and operating systems, and design, develop, test and maintain software solutions to meet the requirements.. studying, analysing and evaluating requirements for software applications and operating systems. studying, designing and developing computer software systems. consulting with engineering staff to evaluate interfaces between hardware and software. developing and directing software testing and procedure validation. modifying existing software to correct errors, to adapt it to new hardware or to upgrade interfaces and improve performance; FESSIONALS. directing software programming and development of documentation. assessing, developing, upgrading and documenting maintenance procedures for operating systems, communication environments and application software. consulting with customers concerning maintenance of software system; and. enhancing knowledge and coordinating work performance."
251202,2512-02,Multimedia Software Developer,2512,False,"Multimedia Software Developer. Software Developers study, analyse and evaluate requirements for existing or new software applications and operating systems, and design, develop, test and maintain software solutions to meet the requirements.. studying, analysing and evaluating requirements for software applications and operating systems. studying, designing and developing computer software systems. consulting with engineering staff to evaluate interfaces between hardware and software. developing and directing software testing and procedure validation. modifying existing software to correct errors, to adapt it to new hardware or to upgrade interfaces and improve performance; FESSIONALS. directing software programming and development of documentation. assessing, developing, upgrading and documenting maintenance procedures for operating systems, communication environments and application software. consulting with customers concerning maintenance of software system; and. enhancing knowledge and coordinating work performance."
251203,2512-03,Software Designer,2512,False,"Software Designer. Software Developers study, analyse and evaluate requirements for existing or new software applications and operating systems, and design, develop, test and maintain software solutions to meet the requirements.. studying, analysing and evaluating requirements for software applications and operating systems. studying, designing and developing computer software systems. consulting with engineering staff to evaluate interfaces between hardware and software. developing and directing software testing and procedure validation. modifying existing software to correct errors, to adapt it to new hardware or to upgrade interfaces and improve performance; FESSIONALS. directing software programming and development of documentation. assessing, developing, upgrading and documenting maintenance procedures for operating systems, communication environments and application software. consulting with customers concerning maintenance of software system; and. enhancing knowledge and coordinating work performance."
251204,2512-04,Design Engineer,2512,False,"Design Engineer. Software Developers study, analyse and evaluate requirements for existing or new software applications and operating systems, and design, develop, test and maintain software solutions to meet the requirements.. studying, analysing and evaluating requirements for software applications and operating systems. studying, designing and developing computer software systems. consulting with engineering staff to evaluate interfaces between hardware and software. developing and directing software testing and procedure validation. modifying existing software to correct errors, to adapt it to new hardware or to upgrade interfaces and improve performance; FESSIONALS. directing software programming and development of documentation. assessing, developing, upgrading and documenting maintenance procedures for operating systems, communication environments and application software. consulting with customers concerning maintenance of software system; and. enhancing knowledge and coordinating work performance."
251205,2512-05,.Net Developer,2512,False,".Net Developer. Software Developers study, analyse and evaluate requirements for existing or new software applications and operating systems, and design, develop, test and maintain software solutions to meet the requirements.. studying, analysing and evaluating requirements for software applications and operating systems. studying, designing and developing computer software systems. consulting with engineering staff to evaluate interfaces between hardware and software. developing and directing software testing and procedure validation. modifying existing software to correct errors, to adapt it to new hardware or to upgrade interfaces and improve performance; FESSIONALS. directing software programming and development of documentation. assessing, developing, upgrading and documenting maintenance procedures for operating systems, communication environments and application software. consulting with customers concerning maintenance of software system; and. enhancing knowledge and coordinating work performance."
251206,2512-06,Application Developer (.Net),2512,False,"Application Developer (.Net). Software Developers study, analyse and evaluate requirements for existing or new software applications and operating systems, and design, develop, test and maintain software solutions to meet the requirements.. studying, analysing and evaluating requirements for software applications and operating systems. studying, designing and developing computer software systems. consulting with engineering staff to evaluate interfaces between hardware and software. developing and directing software testing and procedure validation. modifying existing software to correct errors, to adapt it to new hardware or to upgrade interfaces and improve performance; FESSIONALS. directing software programming and development of documentation. assessing, developing, upgrading and documenting maintenance procedures for operating systems, communication environments and application software. consulting with customers concerning maintenance of software system; and. enhancing knowledge and coordinating work performance."
251207,2512-07,Application Engineer (.Net),2512,False,"Application Engineer (.Net). Software Developers study, analyse and evaluate requirements for existing or new software applications and operating systems, and design, develop, test and maintain software solutions to meet the requirements.. studying, analysing and evaluating requirements for software applications and operating systems. studying, designing and developing computer software systems. consulting with engineering staff to evaluate interfaces between hardware and software. developing and directing software testing and procedure validation. modifying existing software to correct errors, to adapt it to new hardware or to upgrade interfaces and improve performance; FESSIONALS. directing software programming and development of documentation. assessing, developing, upgrading and documenting maintenance procedures for operating systems, communication environments and application software. consulting with customers concerning maintenance of software system; and. enhancing knowledge and coordinating work performance."
251208,2512-08,Software Engineer (.Net),2512,False,"Software Engineer (.Net). Software Developers study, analyse and evaluate requirements for existing or new software applications and operating systems, and design, develop, test and maintain software solutions to meet the requirements.. studying, analysing and evaluating requirements for software applications and operating systems. studying, designing and developing computer software systems. consulting with engineering staff to evaluate interfaces between hardware and software. developing and directing software testing and procedure validation. modifying existing software to correct errors, to adapt it to new hardware or to upgrade interfaces and improve performance; FESSIONALS. directing software programming and development of documentation. assessing, developing, upgrading and documenting maintenance procedures for operating systems, communication environments and application software. consulting with customers concerning maintenance of software system; and. enhancing knowledge and coordinating work performance."
251209,2512-09,C/C++ Developer,2512,False,"C/C++ Developer. Software Developers study, analyse and evaluate requirements for existing or new software applications and operating systems, and design, develop, test and maintain software solutions to meet the requirements.. studying, analysing and evaluating requirements for software applications and operating systems. studying, designing and developing computer software systems. consulting with engineering staff to evaluate interfaces between hardware and software. developing and directing software testing and procedure validation. modifying existing software to correct errors, to adapt it to new hardware or to upgrade interfaces and improve performance; FESSIONALS. directing software programming and development of documentation. assessing, developing, upgrading and documenting maintenance procedures for operating systems, communication environments and application software. consulting with customers concerning maintenance of software system; and. enhancing knowledge and coordinating work performance."
251210,2512-10,C/C++ Software Engineer,2512,False,"C/C++ Software Engineer. Software Developers study, analyse and evaluate requirements for existing or new software applications and operating systems, and design, develop, test and maintain software solutions to meet the requirements.. studying, analysing and evaluating requirements for software applications and operating systems. studying, designing and developing computer software systems. consulting with engineering staff to evaluate interfaces between hardware and software. developing and directing software testing and procedure validation. modifying existing software to correct errors, to adapt it to new hardware or to upgrade interfaces and improve performance; FESSIONALS. directing software programming and development of documentation. assessing, developing, upgrading and documenting maintenance procedures for operating systems, communication environments and application software. consulting with customers concerning maintenance of software system; and. enhancing knowledge and coordinating work performance."
251211,2512-11,Cobol Developer,2512,False,"Cobol Developer. Software Developers study, analyse and evaluate requirements for existing or new software applications and operating systems, and design, develop, test and maintain software solutions to meet the requirements.. studying, analysing and evaluating requirements for software applications and operating systems. studying, designing and developing computer software systems. consulting with engineering staff to evaluate interfaces between hardware and software. developing and directing software testing and procedure validation. modifying existing software to correct errors, to adapt it to new hardware or to upgrade interfaces and improve performance; FESSIONALS. directing software programming and development of documentation. assessing, developing, upgrading and documenting maintenance procedures for operating systems, communication environments and application software. consulting with customers concerning maintenance of software system; and. enhancing knowledge and coordinating work performance."
251212,2512-12,Microfocus Cobol Developer,2512,False,"Microfocus Cobol Developer. Software Developers study, analyse and evaluate requirements for existing or new software applications and operating systems, and design, develop, test and maintain software solutions to meet the requirements.. studying, analysing and evaluating requirements for software applications and operating systems. studying, designing and developing computer software systems. consulting with engineering staff to evaluate interfaces between hardware and software. developing and directing software testing and procedure validation. modifying existing software to correct errors, to adapt it to new hardware or to upgrade interfaces and improve performance; FESSIONALS. directing software programming and development of documentation. assessing, developing, upgrading and documenting maintenance procedures for operating systems, communication environments and application software. consulting with customers concerning maintenance of software system; and. enhancing knowledge and coordinating work performance."
251213,2512-13,Java Application Developer,2512,False,"Java Application Developer. Software Developers study, analyse and evaluate requirements for existing or new software applications and operating systems, and design, develop, test and maintain software solutions to meet the requirements.. studying, analysing and evaluating requirements for software applications and operating systems. studying, designing and developing computer software systems. consulting with engineering staff to evaluate interfaces between hardware and software. developing and directing software testing and procedure validation. modifying existing software to correct errors, to adapt it to new hardware or to upgrade interfaces and improve performance; FESSIONALS. directing software programming and development of documentation. assessing, developing, upgrading and documenting maintenance procedures for operating systems, communication environments and application software. consulting with customers concerning maintenance of software system; and. enhancing knowledge and coordinating work performance."
251214,2512-14,Java Developer,2512,False,"Java Developer. Software Developers study, analyse and evaluate requirements for existing or new software applications and operating systems, and design, develop, test and maintain software solutions to meet the requirements.. studying, analysing and evaluating requirements for software applications and operating systems. studying, designing and developing computer software systems. consulting with engineering staff to evaluate interfaces between hardware and software. developing and directing software testing and procedure validation. modifying existing software to correct errors, to adapt it to new hardware or to upgrade interfaces and improve performance; FESSIONALS. directing software programming and development of documentation. assessing, developing, upgrading and documenting maintenance procedures for operating systems, communication environments and application software. consulting with customers concerning maintenance of software system; and. enhancing knowledge and coordinating work performance."
251215,2512-15,Hypertext Preprocessor (PHP) Developer,2512,False,"Hypertext Preprocessor (PHP) Developer. Software Developers study, analyse and evaluate requirements for existing or new software applications and operating systems, and design, develop, test and maintain software solutions to meet the requirements.. studying, analysing and evaluating requirements for software applications and operating systems. studying, designing and developing computer software systems. consulting with engineering staff to evaluate interfaces between hardware and software. developing and directing software testing and procedure validation. modifying existing software to correct errors, to adapt it to new hardware or to upgrade interfaces and improve performance; FESSIONALS. directing software programming and development of documentation. assessing, developing, upgrading and documenting maintenance procedures for operating systems, communication environments and application software. consulting with customers concerning maintenance of software system; and. enhancing knowledge and coordinating work performance."
251216,2512-16,Hypertext Preprocessor (PHP) Web Programmer,2512,False,"Hypertext Preprocessor (PHP) Web Programmer. Software Developers study, analyse and evaluate requirements for existing or new software applications and operating systems, and design, develop, test and maintain software solutions to meet the requirements.. studying, analysing and evaluating requirements for software applications and operating systems. studying, designing and developing computer software systems. consulting with engineering staff to evaluate interfaces between hardware and software. developing and directing software testing and procedure validation. modifying existing software to correct errors, to adapt it to new hardware or to upgrade interfaces and improve performance; FESSIONALS. directing software programming and development of documentation. assessing, developing, upgrading and documenting maintenance procedures for operating systems, communication environments and application software. consulting with customers concerning maintenance of software system; and. enhancing knowledge and coordinating work performance."
251217,2512-17,Information Technology Executive RPG (Role-Playing Game),2512,False,"Information Technology Executive RPG (Role-Playing Game). Software Developers study, analyse and evaluate requirements for existing or new software applications and operating systems, and design, develop, test and maintain software solutions to meet the requirements.. studying, analysing and evaluating requirements for software applications and operating systems. studying, designing and developing computer software systems. consulting with engineering staff to evaluate interfaces between hardware and software. developing and directing software testing and procedure validation. modifying existing software to correct errors, to adapt it to new hardware or to upgrade interfaces and improve performance; FESSIONALS. directing software programming and development of documentation. assessing, developing, upgrading and documenting maintenance procedures for operating systems, communication environments and application software. consulting with customers concerning maintenance of software system; and. enhancing knowledge and coordinating work performance."
251218,2512-18,Lotus Notes Developer (Information Technology),2512,False,"Lotus Notes Developer (Information Technology). Software Developers study, analyse and evaluate requirements for existing or new software applications and operating systems, and design, develop, test and maintain software solutions to meet the requirements.. studying, analysing and evaluating requirements for software applications and operating systems. studying, designing and developing computer software systems. consulting with engineering staff to evaluate interfaces between hardware and software. developing and directing software testing and procedure validation. modifying existing software to correct errors, to adapt it to new hardware or to upgrade interfaces and improve performance; FESSIONALS. directing software programming and development of documentation. assessing, developing, upgrading and documenting maintenance procedures for operating systems, communication environments and application software. consulting with customers concerning maintenance of software system; and. enhancing knowledge and coordinating work performance."
251219,2512-19,Information Technology System Architect,2512,False,"Information Technology System Architect. Software Developers study, analyse and evaluate requirements for existing or new software applications and operating systems, and design, develop, test and maintain software solutions to meet the requirements.. studying, analysing and evaluating requirements for software applications and operating systems. studying, designing and developing computer software systems. consulting with engineering staff to evaluate interfaces between hardware and software. developing and directing software testing and procedure validation. modifying existing software to correct errors, to adapt it to new hardware or to upgrade interfaces and improve performance; FESSIONALS. directing software programming and development of documentation. assessing, developing, upgrading and documenting maintenance procedures for operating systems, communication environments and application software. consulting with customers concerning maintenance of software system; and. enhancing knowledge and coordinating work performance."
251220,2512-20,Information Technology Technical Architect,2512,False,"Information Technology Technical Architect. Software Developers study, analyse and evaluate requirements for existing or new software applications and operating systems, and design, develop, test and maintain software solutions to meet the requirements.. studying, analysing and evaluating requirements for software applications and operating systems. studying, designing and developing computer software systems. consulting with engineering staff to evaluate interfaces between hardware and software. developing and directing software testing and procedure validation. modifying existing software to correct errors, to adapt it to new hardware or to upgrade interfaces and improve performance; FESSIONALS. directing software programming and development of documentation. assessing, developing, upgrading and documenting maintenance procedures for operating systems, communication environments and application software. consulting with customers concerning maintenance of software system; and. enhancing knowledge and coordinating work performance."
251221,2512-21,Navision Developer,2512,False,"Navision Developer. Software Developers study, analyse and evaluate requirements for existing or new software applications and operating systems, and design, develop, test and maintain software solutions to meet the requirements.. studying, analysing and evaluating requirements for software applications and operating systems. studying, designing and developing computer software systems. consulting with engineering staff to evaluate interfaces between hardware and software. developing and directing software testing and procedure validation. modifying existing software to correct errors, to adapt it to new hardware or to upgrade interfaces and improve performance; FESSIONALS. directing software programming and development of documentation. assessing, developing, upgrading and documenting maintenance procedures for operating systems, communication environments and application software. consulting with customers concerning maintenance of software system; and. enhancing knowledge and coordinating work performance."
251222,2512-22,Net Sharepoint Developer,2512,False,"Net Sharepoint Developer. Software Developers study, analyse and evaluate requirements for existing or new software applications and operating systems, and design, develop, test and maintain software solutions to meet the requirements.. studying, analysing and evaluating requirements for software applications and operating systems. studying, designing and developing computer software systems. consulting with engineering staff to evaluate interfaces between hardware and software. developing and directing software testing and procedure validation. modifying existing software to correct errors, to adapt it to new hardware or to upgrade interfaces and improve performance; FESSIONALS. directing software programming and development of documentation. assessing, developing, upgrading and documenting maintenance procedures for operating systems, communication environments and application software. consulting with customers concerning maintenance of software system; and. enhancing knowledge and coordinating work performance."
251223,2512-23,Software Engineer,2512,False,"Software Engineer. Software Developers study, analyse and evaluate requirements for existing or new software applications and operating systems, and design, develop, test and maintain software solutions to meet the requirements.. studying, analysing and evaluating requirements for software applications and operating systems. studying, designing and developing computer software systems. consulting with engineering staff to evaluate interfaces between hardware and software. developing and directing software testing and procedure validation. modifying existing software to correct errors, to adapt it to new hardware or to upgrade interfaces and improve performance; FESSIONALS. directing software programming and development of documentation. assessing, developing, upgrading and documenting maintenance procedures for operating systems, communication environments and application software. consulting with customers concerning maintenance of software system; and. enhancing knowledge and coordinating work performance."
251224,2512-24,Siebel Developer,2512,False,"Siebel Developer. Software Developers study, analyse and evaluate requirements for existing or new software applications and operating systems, and design, develop, test and maintain software solutions to meet the requirements.. studying, analysing and evaluating requirements for software applications and operating systems. studying, designing and developing computer software systems. consulting with engineering staff to evaluate interfaces between hardware and software. developing and directing software testing and procedure validation. modifying existing software to correct errors, to adapt it to new hardware or to upgrade interfaces and improve performance; FESSIONALS. directing software programming and development of documentation. assessing, developing, upgrading and documenting maintenance procedures for operating systems, communication environments and application software. consulting with customers concerning maintenance of software system; and. enhancing knowledge and coordinating work performance."
251225,2512-25,Software Analyst,2512,False,"Software Analyst. Software Developers study, analyse and evaluate requirements for existing or new software applications and operating systems, and design, develop, test and maintain software solutions to meet the requirements.. studying, analysing and evaluating requirements for software applications and operating systems. studying, designing and developing computer software systems. consulting with engineering staff to evaluate interfaces between hardware and software. developing and directing software testing and procedure validation. modifying existing software to correct errors, to adapt it to new hardware or to upgrade interfaces and improve performance; FESSIONALS. directing software programming and development of documentation. assessing, developing, upgrading and documenting maintenance procedures for operating systems, communication environments and application software. consulting with customers concerning maintenance of software system; and. enhancing knowledge and coordinating work performance."
251226,2512-26,Software Design Engineers,2512,False,"Software Design Engineers. Software Developers study, analyse and evaluate requirements for existing or new software applications and operating systems, and design, develop, test and maintain software solutions to meet the requirements.. studying, analysing and evaluating requirements for software applications and operating systems. studying, designing and developing computer software systems. consulting with engineering staff to evaluate interfaces between hardware and software. developing and directing software testing and procedure validation. modifying existing software to correct errors, to adapt it to new hardware or to upgrade interfaces and improve performance; FESSIONALS. directing software programming and development of documentation. assessing, developing, upgrading and documenting maintenance procedures for operating systems, communication environments and application software. consulting with customers concerning maintenance of software system; and. enhancing knowledge and coordinating work performance."
251227,2512-27,Root Cause Failure Analysis (RCFA) Engineer,2512,False,"Root Cause Failure Analysis (RCFA) Engineer. Software Developers study, analyse and evaluate requirements for existing or new software applications and operating systems, and design, develop, test and maintain software solutions to meet the requirements.. studying, analysing and evaluating requirements for software applications and operating systems. studying, designing and developing computer software systems. consulting with engineering staff to evaluate interfaces between hardware and software. developing and directing software testing and procedure validation. modifying existing software to correct errors, to adapt it to new hardware or to upgrade interfaces and improve performance; FESSIONALS. directing software programming and development of documentation. assessing, developing, upgrading and documenting maintenance procedures for operating systems, communication environments and application software. consulting with customers concerning maintenance of software system; and. enhancing knowledge and coordinating work performance."
251228,2512-28,SAP IT and Finance Applications Developers (Systems Applications and Products),2512,False,"SAP IT and Finance Applications Developers (Systems Applications and Products). Software Developers study, analyse and evaluate requirements for existing or new software applications and operating systems, and design, develop, test and maintain software solutions to meet the requirements.. studying, analysing and evaluating requirements for software applications and operating systems. studying, designing and developing computer software systems. consulting with engineering staff to evaluate interfaces between hardware and software. developing and directing software testing and procedure validation. modifying existing software to correct errors, to adapt it to new hardware or to upgrade interfaces and improve performance; FESSIONALS. directing software programming and development of documentation. assessing, developing, upgrading and documenting maintenance procedures for operating systems, communication environments and application software. consulting with customers concerning maintenance of software system; and. enhancing knowledge and coordinating work performance."
251229,2512-29,SAP Application Developer (Systems Applications and Products),2512,False,"SAP Application Developer (Systems Applications and Products). Software Developers study, analyse and evaluate requirements for existing or new software applications and operating systems, and design, develop, test and maintain software solutions to meet the requirements.. studying, analysing and evaluating requirements for software applications and operating systems. studying, designing and developing computer software systems. consulting with engineering staff to evaluate interfaces between hardware and software. developing and directing software testing and procedure validation. modifying existing software to correct errors, to adapt it to new hardware or to upgrade interfaces and improve performance; FESSIONALS. directing software programming and development of documentation. assessing, developing, upgrading and documenting maintenance procedures for operating systems, communication environments and application software. consulting with customers concerning maintenance of software system; and. enhancing knowledge and coordinating work performance."
251230,2512-30,OpenText Developer,2512,False,"OpenText Developer. Software Developers study, analyse and evaluate requirements for existing or new software applications and operating systems, and design, develop, test and maintain software solutions to meet the requirements.. studying, analysing and evaluating requirements for software applications and operating systems. studying, designing and developing computer software systems. consulting with engineering staff to evaluate interfaces between hardware and software. developing and directing software testing and procedure validation. modifying existing software to correct errors, to adapt it to new hardware or to upgrade interfaces and improve performance; FESSIONALS. directing software programming and development of documentation. assessing, developing, upgrading and documenting maintenance procedures for operating systems, communication environments and application software. consulting with customers concerning maintenance of software system; and. enhancing knowledge and coordinating work performance."
251231,2512-31,Data Visualization Developer,2512,False,"Data Visualization Developer. Software Developers study, analyse and evaluate requirements for existing or new software applications and operating systems, and design, develop, test and maintain software solutions to meet the requirements.. studying, analysing and evaluating requirements for software applications and operating systems. studying, designing and developing computer software systems. consulting with engineering staff to evaluate interfaces between hardware and software. developing and directing software testing and procedure validation. modifying existing software to correct errors, to adapt it to new hardware or to upgrade interfaces and improve performance; FESSIONALS. directing software programming and development of documentation. assessing, developing, upgrading and documenting maintenance procedures for operating systems, communication environments and application software. consulting with customers concerning maintenance of software system; and. enhancing knowledge and coordinating work performance."
251232,2512-32,Debug Software Engineer,2512,False,"Debug Software Engineer. Software Developers study, analyse and evaluate requirements for existing or new software applications and operating systems, and design, develop, test and maintain software solutions to meet the requirements.. studying, analysing and evaluating requirements for software applications and operating systems. studying, designing and developing computer software systems. consulting with engineering staff to evaluate interfaces between hardware and software. developing and directing software testing and procedure validation. modifying existing software to correct errors, to adapt it to new hardware or to upgrade interfaces and improve performance; FESSIONALS. directing software programming and development of documentation. assessing, developing, upgrading and documenting maintenance procedures for operating systems, communication environments and application software. consulting with customers concerning maintenance of software system; and. enhancing knowledge and coordinating work performance."
251233,2512-33,"Computer Engineer, Software",2512,False,"Computer Engineer, Software. Software Developers study, analyse and evaluate requirements for existing or new software applications and operating systems, and design, develop, test and maintain software solutions to meet the requirements.. studying, analysing and evaluating requirements for software applications and operating systems. studying, designing and developing computer software systems. consulting with engineering staff to evaluate interfaces between hardware and software. developing and directing software testing and procedure validation. modifying existing software to correct errors, to adapt it to new hardware or to upgrade interfaces and improve performance; FESSIONALS. directing software programming and development of documentation. assessing, developing, upgrading and documenting maintenance procedures for operating systems, communication environments and application software. consulting with customers concerning maintenance of software system; and. enhancing knowledge and coordinating work performance."
251234,2512-34,iOS Developer,2512,False,"iOS Developer. Software Developers study, analyse and evaluate requirements for existing or new software applications and operating systems, and design, develop, test and maintain software solutions to meet the requirements.. studying, analysing and evaluating requirements for software applications and operating systems. studying, designing and developing computer software systems. consulting with engineering staff to evaluate interfaces between hardware and software. developing and directing software testing and procedure validation. modifying existing software to correct errors, to adapt it to new hardware or to upgrade interfaces and improve performance; FESSIONALS. directing software programming and development of documentation. assessing, developing, upgrading and documenting maintenance procedures for operating systems, communication environments and application software. consulting with customers concerning maintenance of software system; and. enhancing knowledge and coordinating work performance."
251235,2512-35,Android Developer,2512,False,"Android Developer. Software Developers study, analyse and evaluate requirements for existing or new software applications and operating systems, and design, develop, test and maintain software solutions to meet the requirements.. studying, analysing and evaluating requirements for software applications and operating systems. studying, designing and developing computer software systems. consulting with engineering staff to evaluate interfaces between hardware and software. developing and directing software testing and procedure validation. modifying existing software to correct errors, to adapt it to new hardware or to upgrade interfaces and improve performance; FESSIONALS. directing software programming and development of documentation. assessing, developing, upgrading and documenting maintenance procedures for operating systems, communication environments and application software. consulting with customers concerning maintenance of software system; and. enhancing knowledge and coordinating work performance."
251236,2512-36,Mobile Application Developer (Mobile App),2512,False,"Mobile Application Developer (Mobile App). Software Developers study, analyse and evaluate requirements for existing or new software applications and operating systems, and design, develop, test and maintain software solutions to meet the requirements.. studying, analysing and evaluating requirements for software applications and operating systems. studying, designing and developing computer software systems. consulting with engineering staff to evaluate interfaces between hardware and software. developing and directing software testing and procedure validation. modifying existing software to correct errors, to adapt it to new hardware or to upgrade interfaces and improve performance; FESSIONALS. directing software programming and development of documentation. assessing, developing, upgrading and documenting maintenance procedures for operating systems, communication environments and application software. consulting with customers concerning maintenance of software system; and. enhancing knowledge and coordinating work performance."
251237,2512-37,System Application Engineer,2512,False,"System Application Engineer. Software Developers study, analyse and evaluate requirements for existing or new software applications and operating systems, and design, develop, test and maintain software solutions to meet the requirements.. studying, analysing and evaluating requirements for software applications and operating systems. studying, designing and developing computer software systems. consulting with engineering staff to evaluate interfaces between hardware and software. developing and directing software testing and procedure validation. modifying existing software to correct errors, to adapt it to new hardware or to upgrade interfaces and improve performance; FESSIONALS. directing software programming and development of documentation. assessing, developing, upgrading and documenting maintenance procedures for operating systems, communication environments and application software. consulting with customers concerning maintenance of software system; and. enhancing knowledge and coordinating work performance."
251238,2512-38,Blockchain Developer,2512,False,"Blockchain Developer. Software Developers study, analyse and evaluate requirements for existing or new software applications and operating systems, and design, develop, test and maintain software solutions to meet the requirements.. studying, analysing and evaluating requirements for software applications and operating systems. studying, designing and developing computer software systems. consulting with engineering staff to evaluate interfaces between hardware and software. developing and directing software testing and procedure validation. modifying existing software to correct errors, to adapt it to new hardware or to upgrade interfaces and improve performance; FESSIONALS. directing software programming and development of documentation. assessing, developing, upgrading and documenting maintenance procedures for operating systems, communication environments and application software. consulting with customers concerning maintenance of software system; and. enhancing knowledge and coordinating work performance."
251239,2512-39,Linux Software Engineer,2512,False,"Linux Software Engineer. Software Developers study, analyse and evaluate requirements for existing or new software applications and operating systems, and design, develop, test and maintain software solutions to meet the requirements.. studying, analysing and evaluating requirements for software applications and operating systems. studying, designing and developing computer software systems. consulting with engineering staff to evaluate interfaces between hardware and software. developing and directing software testing and procedure validation. modifying existing software to correct errors, to adapt it to new hardware or to upgrade interfaces and improve performance; FESSIONALS. directing software programming and development of documentation. assessing, developing, upgrading and documenting maintenance procedures for operating systems, communication environments and application software. consulting with customers concerning maintenance of software system; and. enhancing knowledge and coordinating work performance."
251240,2512-40,PLC Engineer (Programmable Logic Controller),2512,False,"PLC Engineer (Programmable Logic Controller). Software Developers study, analyse and evaluate requirements for existing or new software applications and operating systems, and design, develop, test and maintain software solutions to meet the requirements.. studying, analysing and evaluating requirements for software applications and operating systems. studying, designing and developing computer software systems. consulting with engineering staff to evaluate interfaces between hardware and software. developing and directing software testing and procedure validation. modifying existing software to correct errors, to adapt it to new hardware or to upgrade interfaces and improve performance; FESSIONALS. directing software programming and development of documentation. assessing, developing, upgrading and documenting maintenance procedures for operating systems, communication environments and application software. consulting with customers concerning maintenance of software system; and. enhancing knowledge and coordinating work performance."
251241,2512-41,System Engineer (Oracle),2512,False,"System Engineer (Oracle). Software Developers study, analyse and evaluate requirements for existing or new software applications and operating systems, and design, develop, test and maintain software solutions to meet the requirements.. studying, analysing and evaluating requirements for software applications and operating systems. studying, designing and developing computer software systems. consulting with engineering staff to evaluate interfaces between hardware and software. developing and directing software testing and procedure validation. modifying existing software to correct errors, to adapt it to new hardware or to upgrade interfaces and improve performance; FESSIONALS. directing software programming and development of documentation. assessing, developing, upgrading and documenting maintenance procedures for operating systems, communication environments and application software. consulting with customers concerning maintenance of software system; and. enhancing knowledge and coordinating work performance."
251242,2512-42,RPG Programmer (Role-Playing Game),2512,False,"RPG Programmer (Role-Playing Game). Software Developers study, analyse and evaluate requirements for existing or new software applications and operating systems, and design, develop, test and maintain software solutions to meet the requirements.. studying, analysing and evaluating requirements for software applications and operating systems. studying, designing and developing computer software systems. consulting with engineering staff to evaluate interfaces between hardware and software. developing and directing software testing and procedure validation. modifying existing software to correct errors, to adapt it to new hardware or to upgrade interfaces and improve performance; FESSIONALS. directing software programming and development of documentation. assessing, developing, upgrading and documenting maintenance procedures for operating systems, communication environments and application software. consulting with customers concerning maintenance of software system; and. enhancing knowledge and coordinating work performance."
251243,2512-43,Information System Executive,2512,False,"Information System Executive. Software Developers study, analyse and evaluate requirements for existing or new software applications and operating systems, and design, develop, test and maintain software solutions to meet the requirements.. studying, analysing and evaluating requirements for software applications and operating systems. studying, designing and developing computer software systems. consulting with engineering staff to evaluate interfaces between hardware and software. developing and directing software testing and procedure validation. modifying existing software to correct errors, to adapt it to new hardware or to upgrade interfaces and improve performance; FESSIONALS. directing software programming and development of documentation. assessing, developing, upgrading and documenting maintenance procedures for operating systems, communication environments and application software. consulting with customers concerning maintenance of software system; and. enhancing knowledge and coordinating work performance."
251244,2512-44,Computer System Executive,2512,False,"Computer System Executive. Software Developers study, analyse and evaluate requirements for existing or new software applications and operating systems, and design, develop, test and maintain software solutions to meet the requirements.. studying, analysing and evaluating requirements for software applications and operating systems. studying, designing and developing computer software systems. consulting with engineering staff to evaluate interfaces between hardware and software. developing and directing software testing and procedure validation. modifying existing software to correct errors, to adapt it to new hardware or to upgrade interfaces and improve performance; FESSIONALS. directing software programming and development of documentation. assessing, developing, upgrading and documenting maintenance procedures for operating systems, communication environments and application software. consulting with customers concerning maintenance of software system; and. enhancing knowledge and coordinating work performance."
251245,2512-45,Computer Systems Engineer,2512,False,"Computer Systems Engineer. Software Developers study, analyse and evaluate requirements for existing or new software applications and operating systems, and design, develop, test and maintain software solutions to meet the requirements.. studying, analysing and evaluating requirements for software applications and operating systems. studying, designing and developing computer software systems. consulting with engineering staff to evaluate interfaces between hardware and software. developing and directing software testing and procedure validation. modifying existing software to correct errors, to adapt it to new hardware or to upgrade interfaces and improve performance; FESSIONALS. directing software programming and development of documentation. assessing, developing, upgrading and documenting maintenance procedures for operating systems, communication environments and application software. consulting with customers concerning maintenance of software system; and. enhancing knowledge and coordinating work performance."
251246,2512-46,Management Information Systems (MIS) Engineer,2512,False,"Management Information Systems (MIS) Engineer. Software Developers study, analyse and evaluate requirements for existing or new software applications and operating systems, and design, develop, test and maintain software solutions to meet the requirements.. studying, analysing and evaluating requirements for software applications and operating systems. studying, designing and developing computer software systems. consulting with engineering staff to evaluate interfaces between hardware and software. developing and directing software testing and procedure validation. modifying existing software to correct errors, to adapt it to new hardware or to upgrade interfaces and improve performance; FESSIONALS. directing software programming and development of documentation. assessing, developing, upgrading and documenting maintenance procedures for operating systems, communication environments and application software. consulting with customers concerning maintenance of software system; and. enhancing knowledge and coordinating work performance."
251247,2512-47,System Developer,2512,False,"System Developer. Software Developers study, analyse and evaluate requirements for existing or new software applications and operating systems, and design, develop, test and maintain software solutions to meet the requirements.. studying, analysing and evaluating requirements for software applications and operating systems. studying, designing and developing computer software systems. consulting with engineering staff to evaluate interfaces between hardware and software. developing and directing software testing and procedure validation. modifying existing software to correct errors, to adapt it to new hardware or to upgrade interfaces and improve performance; FESSIONALS. directing software programming and development of documentation. assessing, developing, upgrading and documenting maintenance procedures for operating systems, communication environments and application software. consulting with customers concerning maintenance of software system; and. enhancing knowledge and coordinating work performance."
252401,2524-01,Data Scientist,2524,False,"Data Scientist. is the collection of workforces primarily specialising in the data science field, ie that provides meaningful information based on large amounts of complex data or big data. It combines different fields of work in statistics and computation to interpret data for decision-making purposes.. preparing documentation to outline data sources, models and algorithms used and developed. extracting data from data sources. proposing new uses for existing data sources and structures. integrating multiple data sets to build large and complex data sets. building software to scrub, combine and manage data. applying data mining techniques to investigate leads, identify patterns and regularities in data. implementing automated processes to produce scale models. developing complex code, scripts and data pipelines to process structured and unstructured data. testing data system configurations to increase efficiency. enabling searching, data visualisation, and advanced analytics functionality. monitoring data system performance. facilitating data cleansing and enrichment; and. performing data validation and quality control checks."
252402,2524-02,Big Data Engineer,2524,False,"Big Data Engineer. is the collection of workforces primarily specialising in the data science field, ie that provides meaningful information based on large amounts of complex data or big data. It combines different fields of work in statistics and computation to interpret data for decision-making purposes.. preparing documentation to outline data sources, models and algorithms used and developed. extracting data from data sources. proposing new uses for existing data sources and structures. integrating multiple data sets to build large and complex data sets. building software to scrub, combine and manage data. applying data mining techniques to investigate leads, identify patterns and regularities in data. implementing automated processes to produce scale models. developing complex code, scripts and data pipelines to process structured and unstructured data. testing data system configurations to increase efficiency. enabling searching, data visualisation, and advanced analytics functionality. monitoring data system performance. facilitating data cleansing and enrichment; and. performing data validation and quality control checks."
252403,2524-03,Data Analyst,2524,True,"Data Analyst. is the collection of workforces primarily specialising in the data science field, ie that provides meaningful information based on large amounts of complex data or big data. It combines different fields of work in statistics and computation to interpret data for decision-making purposes.. preparing documentation to outline data sources, models and algorithms used and developed. extracting data from data sources. proposing new uses for existing data sources and structures. integrating multiple data sets to build large and complex data sets. building software to scrub, combine and manage data. applying data mining techniques to investigate leads, identify patterns and regularities in data. implementing automated processes to produce scale models. developing complex code, scripts and data pipelines to process structured and unstructured data. testing data system configurations to increase efficiency. enabling searching, data visualisation, and advanced analytics functionality. monitoring data system performance. facilitating data cleansing and enrichment; and. performing data validation and quality control checks."
252404,2524-04,Data Modeller,2524,False,"Data Modeller. is the collection of workforces primarily specialising in the data science field, ie that provides meaningful information based on large amounts of complex data or big data. It combines different fields of work in statistics and computation to interpret data for decision-making purposes.. preparing documentation to outline data sources, models and algorithms used and developed. extracting data from data sources. proposing new uses for existing data sources and structures. integrating multiple data sets to build large and complex data sets. building software to scrub, combine and manage data. applying data mining techniques to investigate leads, identify patterns and regularities in data. implementing automated processes to produce scale models. developing complex code, scripts and data pipelines to process structured and unstructured data. testing data system configurations to increase efficiency. enabling searching, data visualisation, and advanced analytics functionality. monitoring data system performance. facilitating data cleansing and enrichment; and. performing data validation and quality control checks."
252405,2524-05,Data Miner,2524,False,"Data Miner. is the collection of workforces primarily specialising in the data science field, ie that provides meaningful information based on large amounts of complex data or big data. It combines different fields of work in statistics and computation to interpret data for decision-making purposes.. preparing documentation to outline data sources, models and algorithms used and developed. extracting data from data sources. proposing new uses for existing data sources and structures. integrating multiple data sets to build large and complex data sets. building software to scrub, combine and manage data. applying data mining techniques to investigate leads, identify patterns and regularities in data. implementing automated processes to produce scale models. developing complex code, scripts and data pipelines to process structured and unstructured data. testing data system configurations to increase efficiency. enabling searching, data visualisation, and advanced analytics functionality. monitoring data system performance. facilitating data cleansing and enrichment; and. performing data validation and quality control checks."
252406,2524-06,Data Architect,2524,False,"Data Architect. is the collection of workforces primarily specialising in the data science field, ie that provides meaningful information based on large amounts of complex data or big data. It combines different fields of work in statistics and computation to interpret data for decision-making purposes.. preparing documentation to outline data sources, models and algorithms used and developed. extracting data from data sources. proposing new uses for existing data sources and structures. integrating multiple data sets to build large and complex data sets. building software to scrub, combine and manage data. applying data mining techniques to investigate leads, identify patterns and regularities in data. implementing automated processes to produce scale models. developing complex code, scripts and data pipelines to process structured and unstructured data. testing data system configurations to increase efficiency. enabling searching, data visualisation, and advanced analytics functionality. monitoring data system performance. facilitating data cleansing and enrichment; and. performing data validation and quality control checks."
252407,2524-07,Tera Data Analyst,2524,False,"Tera Data Analyst. is the collection of workforces primarily specialising in the data science field, ie that provides meaningful information based on large amounts of complex data or big data. It combines different fields of work in statistics and computation to interpret data for decision-making purposes.. preparing documentation to outline data sources, models and algorithms used and developed. extracting data from data sources. proposing new uses for existing data sources and structures. integrating multiple data sets to build large and complex data sets. building software to scrub, combine and manage data. applying data mining techniques to investigate leads, identify patterns and regularities in data. implementing automated processes to produce scale models. developing complex code, scripts and data pipelines to process structured and unstructured data. testing data system configurations to increase efficiency. enabling searching, data visualisation, and advanced analytics functionality. monitoring data system performance. facilitating data cleansing and enrichment; and. performing data validation and quality control checks."
252408,2524-08,Data Predictive Analyst,2524,False,"Data Predictive Analyst. is the collection of workforces primarily specialising in the data science field, ie that provides meaningful information based on large amounts of complex data or big data. It combines different fields of work in statistics and computation to interpret data for decision-making purposes.. preparing documentation to outline data sources, models and algorithms used and developed. extracting data from data sources. proposing new uses for existing data sources and structures. integrating multiple data sets to build large and complex data sets. building software to scrub, combine and manage data. applying data mining techniques to investigate leads, identify patterns and regularities in data. implementing automated processes to produce scale models. developing complex code, scripts and data pipelines to process structured and unstructured data. testing data system configurations to increase efficiency. enabling searching, data visualisation, and advanced analytics functionality. monitoring data system performance. facilitating data cleansing and enrichment; and. performing data validation and quality control checks."
252409,2524-09,Data Mining Analyst,2524,False,"Data Mining Analyst. is the collection of workforces primarily specialising in the data science field, ie that provides meaningful information based on large amounts of complex data or big data. It combines different fields of work in statistics and computation to interpret data for decision-making purposes.. preparing documentation to outline data sources, models and algorithms used and developed. extracting data from data sources. proposing new uses for existing data sources and structures. integrating multiple data sets to build large and complex data sets. building software to scrub, combine and manage data. applying data mining techniques to investigate leads, identify patterns and regularities in data. implementing automated processes to produce scale models. developing complex code, scripts and data pipelines to process structured and unstructured data. testing data system configurations to increase efficiency. enabling searching, data visualisation, and advanced analytics functionality. monitoring data system performance. facilitating data cleansing and enrichment; and. performing data validation and quality control checks."
252410,2524-10,Big Data Analyst,2524,False,"Big Data Analyst. is the collection of workforces primarily specialising in the data science field, ie that provides meaningful information based on large amounts of complex data or big data. It combines different fields of work in statistics and computation to interpret data for decision-making purposes.. preparing documentation to outline data sources, models and algorithms used and developed. extracting data from data sources. proposing new uses for existing data sources and structures. integrating multiple data sets to build large and complex data sets. building software to scrub, combine and manage data. applying data mining techniques to investigate leads, identify patterns and regularities in data. implementing automated processes to produce scale models. developing complex code, scripts and data pipelines to process structured and unstructured data. testing data system configurations to increase efficiency. enabling searching, data visualisation, and advanced analytics functionality. monitoring data system performance. facilitating data cleansing and enrichment; and. performing data validation and quality control checks."
252411,2524-11,Machine Learning Engineer,2524,False,"Machine Learning Engineer. is the collection of workforces primarily specialising in the data science field, ie that provides meaningful information based on large amounts of complex data or big data. It combines different fields of work in statistics and computation to interpret data for decision-making purposes.. preparing documentation to outline data sources, models and algorithms used and developed. extracting data from data sources. proposing new uses for existing data sources and structures. integrating multiple data sets to build large and complex data sets. building software to scrub, combine and manage data. applying data mining techniques to investigate leads, identify patterns and regularities in data. implementing automated processes to produce scale models. developing complex code, scripts and data pipelines to process structured and unstructured data. testing data system configurations to increase efficiency. enabling searching, data visualisation, and advanced analytics functionality. monitoring data system performance. facilitating data cleansing and enrichment; and. performing data validation and quality control checks."
252412,2524-12,Deep Learning Engineer,2524,False,"Deep Learning Engineer. is the collection of workforces primarily specialising in the data science field, ie that provides meaningful information based on large amounts of complex data or big data. It combines different fields of work in statistics and computation to interpret data for decision-making purposes.. preparing documentation to outline data sources, models and algorithms used and developed. extracting data from data sources. proposing new uses for existing data sources and structures. integrating multiple data sets to build large and complex data sets. building software to scrub, combine and manage data. applying data mining techniques to investigate leads, identify patterns and regularities in data. implementing automated processes to produce scale models. developing complex code, scripts and data pipelines to process structured and unstructured data. testing data system configurations to increase efficiency. enabling searching, data visualisation, and advanced analytics functionality. monitoring data system performance. facilitating data cleansing and enrichment; and. performing data validation and quality control checks."
252413,2524-13,Artificial Intelligence Engineer (AI),2524,False,"Artificial Intelligence Engineer (AI). is the collection of workforces primarily specialising in the data science field, ie that provides meaningful information based on large amounts of complex data or big data. It combines different fields of work in statistics and computation to interpret data for decision-making purposes.. preparing documentation to outline data sources, models and algorithms used and developed. extracting data from data sources. proposing new uses for existing data sources and structures. integrating multiple data sets to build large and complex data sets. building software to scrub, combine and manage data. applying data mining techniques to investigate leads, identify patterns and regularities in data. implementing automated processes to produce scale models. developing complex code, scripts and data pipelines to process structured and unstructured data. testing data system configurations to increase efficiency. enabling searching, data visualisation, and advanced analytics functionality. monitoring data system performance. facilitating data cleansing and enrichment; and. performing data validation and quality control checks."
252414,2524-14,Data Steward,2524,False,"Data Steward. is the collection of workforces primarily specialising in the data science field, ie that provides meaningful information based on large amounts of complex data or big data. It combines different fields of work in statistics and computation to interpret data for decision-making purposes.. preparing documentation to outline data sources, models and algorithms used and developed. extracting data from data sources. proposing new uses for existing data sources and structures. integrating multiple data sets to build large and complex data sets. building software to scrub, combine and manage data. applying data mining techniques to investigate leads, identify patterns and regularities in data. implementing automated processes to produce scale models. developing complex code, scripts and data pipelines to process structured and unstructured data. testing data system configurations to increase efficiency. enabling searching, data visualisation, and advanced analytics functionality. monitoring data system performance. facilitating data cleansing and enrichment; and. performing data validation and quality control checks."
252415,2524-15,E- Commerce Data Analyst,2524,False,"E- Commerce Data Analyst. is the collection of workforces primarily specialising in the data science field, ie that provides meaningful information based on large amounts of complex data or big data. It combines different fields of work in statistics and computation to interpret data for decision-making purposes.. preparing documentation to outline data sources, models and algorithms used and developed. extracting data from data sources. proposing new uses for existing data sources and structures. integrating multiple data sets to build large and complex data sets. building software to scrub, combine and manage data. applying data mining techniques to investigate leads, identify patterns and regularities in data. implementing automated processes to produce scale models. developing complex code, scripts and data pipelines to process structured and unstructured data. testing data system configurations to increase efficiency. enabling searching, data visualisation, and advanced analytics functionality. monitoring data system performance. facilitating data cleansing and enrichment; and. performing data validation and quality control checks."
252416,2524-16,Business Data Analyst,2524,False,"Business Data Analyst. is the collection of workforces primarily specialising in the data science field, ie that provides meaningful information based on large amounts of complex data or big data. It combines different fields of work in statistics and computation to interpret data for decision-making purposes.. preparing documentation to outline data sources, models and algorithms used and developed. extracting data from data sources. proposing new uses for existing data sources and structures. integrating multiple data sets to build large and complex data sets. building software to scrub, combine and manage data. applying data mining techniques to investigate leads, identify patterns and regularities in data. implementing automated processes to produce scale models. developing complex code, scripts and data pipelines to process structured and unstructured data. testing data system configurations to increase efficiency. enabling searching, data visualisation, and advanced analytics functionality. monitoring data system performance. facilitating data cleansing and enrichment; and. performing data validation and quality control checks."
252417,2524-17,Expert Big Data Analyst,2524,False,"Expert Big Data Analyst. is the collection of workforces primarily specialising in the data science field, ie that provides meaningful information based on large amounts of complex data or big data. It combines different fields of work in statistics and computation to interpret data for decision-making purposes.. preparing documentation to outline data sources, models and algorithms used and developed. extracting data from data sources. proposing new uses for existing data sources and structures. integrating multiple data sets to build large and complex data sets. building software to scrub, combine and manage data. applying data mining techniques to investigate leads, identify patterns and regularities in data. implementing automated processes to produce scale models. developing complex code, scripts and data pipelines to process structured and unstructured data. testing data system configurations to increase efficiency. enabling searching, data visualisation, and advanced analytics functionality. monitoring data system performance. facilitating data cleansing and enrichment; and. performing data validation and quality control checks."
252418,2524-18,Extract Transform Load Developer,2524,False,"Extract Transform Load Developer. is the collection of workforces primarily specialising in the data science field, ie that provides meaningful information based on large amounts of complex data or big data. It combines different fields of work in statistics and computation to interpret data for decision-making purposes.. preparing documentation to outline data sources, models and algorithms used and developed. extracting data from data sources. proposing new uses for existing data sources and structures. integrating multiple data sets to build large and complex data sets. building software to scrub, combine and manage data. applying data mining techniques to investigate leads, identify patterns and regularities in data. implementing automated processes to produce scale models. developing complex code, scripts and data pipelines to process structured and unstructured data. testing data system configurations to increase efficiency. enabling searching, data visualisation, and advanced analytics functionality. monitoring data system performance. facilitating data cleansing and enrichment; and. performing data validation and quality control checks."
252419,2524-19,Electronic Data Processing Analyst,2524,False,"Electronic Data Processing Analyst. is the collection of workforces primarily specialising in the data science field, ie that provides meaningful information based on large amounts of complex data or big data. It combines different fields of work in statistics and computation to interpret data for decision-making purposes.. preparing documentation to outline data sources, models and algorithms used and developed. extracting data from data sources. proposing new uses for existing data sources and structures. integrating multiple data sets to build large and complex data sets. building software to scrub, combine and manage data. applying data mining techniques to investigate leads, identify patterns and regularities in data. implementing automated processes to produce scale models. developing complex code, scripts and data pipelines to process structured and unstructured data. testing data system configurations to increase efficiency. enabling searching, data visualisation, and advanced analytics functionality. monitoring data system performance. facilitating data cleansing and enrichment; and. performing data validation and quality control checks."
252420,2524-20,Oracle Database Analyst,2524,False,"Oracle Database Analyst. is the collection of workforces primarily specialising in the data science field, ie that provides meaningful information based on large amounts of complex data or big data. It combines different fields of work in statistics and computation to interpret data for decision-making purposes.. preparing documentation to outline data sources, models and algorithms used and developed. extracting data from data sources. proposing new uses for existing data sources and structures. integrating multiple data sets to build large and complex data sets. building software to scrub, combine and manage data. applying data mining techniques to investigate leads, identify patterns and regularities in data. implementing automated processes to produce scale models. developing complex code, scripts and data pipelines to process structured and unstructured data. testing data system configurations to increase efficiency. enabling searching, data visualisation, and advanced analytics functionality. monitoring data system performance. facilitating data cleansing and enrichment; and. performing data validation and quality control checks."
252421,2524-21,SQL Database Analyst (Structured Query Language),2524,False,"SQL Database Analyst (Structured Query Language). is the collection of workforces primarily specialising in the data science field, ie that provides meaningful information based on large amounts of complex data or big data. It combines different fields of work in statistics and computation to interpret data for decision-making purposes.. preparing documentation to outline data sources, models and algorithms used and developed. extracting data from data sources. proposing new uses for existing data sources and structures. integrating multiple data sets to build large and complex data sets. building software to scrub, combine and manage data. applying data mining techniques to investigate leads, identify patterns and regularities in data. implementing automated processes to produce scale models. developing complex code, scripts and data pipelines to process structured and unstructured data. testing data system configurations to increase efficiency. enabling searching, data visualisation, and advanced analytics functionality. monitoring data system performance. facilitating data cleansing and enrichment; and. performing data validation and quality control checks."
254301,2543-01,Web Designer,2543,False,"Web Designer. combine artistic and technical knowledge to conceptualize, plan, create, produce, develop digital content that display text, graphics, animation, imaging, audio and video, and other content type for various digital media including both linear and non-linear format.. creating world class, user centered designs through considerations of user research, business requirements, customer feedback and usability study findings. developing conceptual diagrams, wireframes, visual mockups, prototypes and visual design of web and mobile applications. developing and maintaining detailed user interface specifications. presenting design works to user experience, product, business owners for review and feedback. creating and implementing usability studies, personality, navigational structures, and affinity diagrams. providing usability recommendations based on industry best practices, analytics, and user behavior. collaborating proactively with the other members of the team including from different expertise to solve problems. optimising user experience based on the compilation of data analytics of user activities. performing related tasks through digital content creation tools, visualization software, tools and technology; and. enhancing knowledge and coordinating work performance."
254302,2543-02,Graphic Designer,2543,True,"Graphic Designer. combine artistic and technical knowledge to conceptualize, plan, create, produce, develop digital content that display text, graphics, animation, imaging, audio and video, and other content type for various digital media including both linear and non-linear format.. creating world class, user centered designs through considerations of user research, business requirements, customer feedback and usability study findings. developing conceptual diagrams, wireframes, visual mockups, prototypes and visual design of web and mobile applications. developing and maintaining detailed user interface specifications. presenting design works to user experience, product, business owners for review and feedback. creating and implementing usability studies, personality, navigational structures, and affinity diagrams. providing usability recommendations based on industry best practices, analytics, and user behavior. collaborating proactively with the other members of the team including from different expertise to solve problems. optimising user experience based on the compilation of data analytics of user activities. performing related tasks through digital content creation tools, visualization software, tools and technology; and. enhancing knowledge and coordinating work performance."
254303,2543-03,Typographical Designer,2543,False,"Typographical Designer. combine artistic and technical knowledge to conceptualize, plan, create, produce, develop digital content that display text, graphics, animation, imaging, audio and video, and other content type for various digital media including both linear and non-linear format.. creating world class, user centered designs through considerations of user research, business requirements, customer feedback and usability study findings. developing conceptual diagrams, wireframes, visual mockups, prototypes and visual design of web and mobile applications. developing and maintaining detailed user interface specifications. presenting design works to user experience, product, business owners for review and feedback. creating and implementing usability studies, personality, navigational structures, and affinity diagrams. providing usability recommendations based on industry best practices, analytics, and user behavior. collaborating proactively with the other members of the team including from different expertise to solve problems. optimising user experience based on the compilation of data analytics of user activities. performing related tasks through digital content creation tools, visualization software, tools and technology; and. enhancing knowledge and coordinating work performance."
254304,2543-04,Designer,2543,False,"Designer. combine artistic and technical knowledge to conceptualize, plan, create, produce, develop digital content that display text, graphics, animation, imaging, audio and video, and other content type for various digital media including both linear and non-linear format.. creating world class, user centered designs through considerations of user research, business requirements, customer feedback and usability study findings. developing conceptual diagrams, wireframes, visual mockups, prototypes and visual design of web and mobile applications. developing and maintaining detailed user interface specifications. presenting design works to user experience, product, business owners for review and feedback. creating and implementing usability studies, personality, navigational structures, and affinity diagrams. providing usability recommendations based on industry best practices, analytics, and user behavior. collaborating proactively with the other members of the team including from different expertise to solve problems. optimising user experience based on the compilation of data analytics of user activities. performing related tasks through digital content creation tools, visualization software, tools and technology; and. enhancing knowledge and coordinating work performance."
254305,2543-05,Multimedia Designer,2543,False,"Multimedia Designer. combine artistic and technical knowledge to conceptualize, plan, create, produce, develop digital content that display text, graphics, animation, imaging, audio and video, and other content type for various digital media including both linear and non-linear format.. creating world class, user centered designs through considerations of user research, business requirements, customer feedback and usability study findings. developing conceptual diagrams, wireframes, visual mockups, prototypes and visual design of web and mobile applications. developing and maintaining detailed user interface specifications. presenting design works to user experience, product, business owners for review and feedback. creating and implementing usability studies, personality, navigational structures, and affinity diagrams. providing usability recommendations based on industry best practices, analytics, and user behavior. collaborating proactively with the other members of the team including from different expertise to solve problems. optimising user experience based on the compilation of data analytics of user activities. performing related tasks through digital content creation tools, visualization software, tools and technology; and. enhancing knowledge and coordinating work performance."
254306,2543-06,Publication Designer,2543,False,"Publication Designer. combine artistic and technical knowledge to conceptualize, plan, create, produce, develop digital content that display text, graphics, animation, imaging, audio and video, and other content type for various digital media including both linear and non-linear format.. creating world class, user centered designs through considerations of user research, business requirements, customer feedback and usability study findings. developing conceptual diagrams, wireframes, visual mockups, prototypes and visual design of web and mobile applications. developing and maintaining detailed user interface specifications. presenting design works to user experience, product, business owners for review and feedback. creating and implementing usability studies, personality, navigational structures, and affinity diagrams. providing usability recommendations based on industry best practices, analytics, and user behavior. collaborating proactively with the other members of the team including from different expertise to solve problems. optimising user experience based on the compilation of data analytics of user activities. performing related tasks through digital content creation tools, visualization software, tools and technology; and. enhancing knowledge and coordinating work performance."
254307,2543-07,Virtual Environment Designer,2543,False,"Virtual Environment Designer. combine artistic and technical knowledge to conceptualize, plan, create, produce, develop digital content that display text, graphics, animation, imaging, audio and video, and other content type for various digital media including both linear and non-linear format.. creating world class, user centered designs through considerations of user research, business requirements, customer feedback and usability study findings. developing conceptual diagrams, wireframes, visual mockups, prototypes and visual design of web and mobile applications. developing and maintaining detailed user interface specifications. presenting design works to user experience, product, business owners for review and feedback. creating and implementing usability studies, personality, navigational structures, and affinity diagrams. providing usability recommendations based on industry best practices, analytics, and user behavior. collaborating proactively with the other members of the team including from different expertise to solve problems. optimising user experience based on the compilation of data analytics of user activities. performing related tasks through digital content creation tools, visualization software, tools and technology; and. enhancing knowledge and coordinating work performance."
254308,2543-08,Creative Designer,2543,False,"Creative Designer. combine artistic and technical knowledge to conceptualize, plan, create, produce, develop digital content that display text, graphics, animation, imaging, audio and video, and other content type for various digital media including both linear and non-linear format.. creating world class, user centered designs through considerations of user research, business requirements, customer feedback and usability study findings. developing conceptual diagrams, wireframes, visual mockups, prototypes and visual design of web and mobile applications. developing and maintaining detailed user interface specifications. presenting design works to user experience, product, business owners for review and feedback. creating and implementing usability studies, personality, navigational structures, and affinity diagrams. providing usability recommendations based on industry best practices, analytics, and user behavior. collaborating proactively with the other members of the team including from different expertise to solve problems. optimising user experience based on the compilation of data analytics of user activities. performing related tasks through digital content creation tools, visualization software, tools and technology; and. enhancing knowledge and coordinating work performance."
254309,2543-09,Character Designer,2543,False,"Character Designer. combine artistic and technical knowledge to conceptualize, plan, create, produce, develop digital content that display text, graphics, animation, imaging, audio and video, and other content type for various digital media including both linear and non-linear format.. creating world class, user centered designs through considerations of user research, business requirements, customer feedback and usability study findings. developing conceptual diagrams, wireframes, visual mockups, prototypes and visual design of web and mobile applications. developing and maintaining detailed user interface specifications. presenting design works to user experience, product, business owners for review and feedback. creating and implementing usability studies, personality, navigational structures, and affinity diagrams. providing usability recommendations based on industry best practices, analytics, and user behavior. collaborating proactively with the other members of the team including from different expertise to solve problems. optimising user experience based on the compilation of data analytics of user activities. performing related tasks through digital content creation tools, visualization software, tools and technology; and. enhancing knowledge and coordinating work performance."
254310,2543-10,Flash Designer,2543,False,"Flash Designer. combine artistic and technical knowledge to conceptualize, plan, create, produce, develop digital content that display text, graphics, animation, imaging, audio and video, and other content type for various digital media including both linear and non-linear format.. creating world class, user centered designs through considerations of user research, business requirements, customer feedback and usability study findings. developing conceptual diagrams, wireframes, visual mockups, prototypes and visual design of web and mobile applications. developing and maintaining detailed user interface specifications. presenting design works to user experience, product, business owners for review and feedback. creating and implementing usability studies, personality, navigational structures, and affinity diagrams. providing usability recommendations based on industry best practices, analytics, and user behavior. collaborating proactively with the other members of the team including from different expertise to solve problems. optimising user experience based on the compilation of data analytics of user activities. performing related tasks through digital content creation tools, visualization software, tools and technology; and. enhancing knowledge and coordinating work performance."
254311,2543-11,Interface Designer,2543,False,"Interface Designer. combine artistic and technical knowledge to conceptualize, plan, create, produce, develop digital content that display text, graphics, animation, imaging, audio and video, and other content type for various digital media including both linear and non-linear format.. creating world class, user centered designs through considerations of user research, business requirements, customer feedback and usability study findings. developing conceptual diagrams, wireframes, visual mockups, prototypes and visual design of web and mobile applications. developing and maintaining detailed user interface specifications. presenting design works to user experience, product, business owners for review and feedback. creating and implementing usability studies, personality, navigational structures, and affinity diagrams. providing usability recommendations based on industry best practices, analytics, and user behavior. collaborating proactively with the other members of the team including from different expertise to solve problems. optimising user experience based on the compilation of data analytics of user activities. performing related tasks through digital content creation tools, visualization software, tools and technology; and. enhancing knowledge and coordinating work performance."
254312,2543-12,Systems/Computer Designer,2543,False,"Systems/Computer Designer. combine artistic and technical knowledge to conceptualize, plan, create, produce, develop digital content that display text, graphics, animation, imaging, audio and video, and other content type for various digital media including both linear and non-linear format.. creating world class, user centered designs through considerations of user research, business requirements, customer feedback and usability study findings. developing conceptual diagrams, wireframes, visual mockups, prototypes and visual design of web and mobile applications. developing and maintaining detailed user interface specifications. presenting design works to user experience, product, business owners for review and feedback. creating and implementing usability studies, personality, navigational structures, and affinity diagrams. providing usability recommendations based on industry best practices, analytics, and user behavior. collaborating proactively with the other members of the team including from different expertise to solve problems. optimising user experience based on the compilation of data analytics of user activities. performing related tasks through digital content creation tools, visualization software, tools and technology; and. enhancing knowledge and coordinating work performance."
254313,2543-13,UI Designer (User Interphase),2543,False,"UI Designer (User Interphase). combine artistic and technical knowledge to conceptualize, plan, create, produce, develop digital content that display text, graphics, animation, imaging, audio and video, and other content type for various digital media including both linear and non-linear format.. creating world class, user centered designs through considerations of user research, business requirements, customer feedback and usability study findings. developing conceptual diagrams, wireframes, visual mockups, prototypes and visual design of web and mobile applications. developing and maintaining detailed user interface specifications. presenting design works to user experience, product, business owners for review and feedback. creating and implementing usability studies, personality, navigational structures, and affinity diagrams. providing usability recommendations based on industry best practices, analytics, and user behavior. collaborating proactively with the other members of the team including from different expertise to solve problems. optimising user experience based on the compilation of data analytics of user activities. performing related tasks through digital content creation tools, visualization software, tools and technology; and. enhancing knowledge and coordinating work performance."
254314,2543-14,UX Designer (User Experience),2543,False,"UX Designer (User Experience). combine artistic and technical knowledge to conceptualize, plan, create, produce, develop digital content that display text, graphics, animation, imaging, audio and video, and other content type for various digital media including both linear and non-linear format.. creating world class, user centered designs through considerations of user research, business requirements, customer feedback and usability study findings. developing conceptual diagrams, wireframes, visual mockups, prototypes and visual design of web and mobile applications. developing and maintaining detailed user interface specifications. presenting design works to user experience, product, business owners for review and feedback. creating and implementing usability studies, personality, navigational structures, and affinity diagrams. providing usability recommendations based on industry best practices, analytics, and user behavior. collaborating proactively with the other members of the team including from different expertise to solve problems. optimising user experience based on the compilation of data analytics of user activities. performing related tasks through digital content creation tools, visualization software, tools and technology; and. enhancing knowledge and coordinating work performance."
254315,2543-15,Design Architect,2543,False,"Design Architect. combine artistic and technical knowledge to conceptualize, plan, create, produce, develop digital content that display text, graphics, animation, imaging, audio and video, and other content type for various digital media including both linear and non-linear format.. creating world class, user centered designs through considerations of user research, business requirements, customer feedback and usability study findings. developing conceptual diagrams, wireframes, visual mockups, prototypes and visual design of web and mobile applications. developing and maintaining detailed user interface specifications. presenting design works to user experience, product, business owners for review and feedback. creating and implementing usability studies, personality, navigational structures, and affinity diagrams. providing usability recommendations based on industry best practices, analytics, and user behavior. collaborating proactively with the other members of the team including from different expertise to solve problems. optimising user experience based on the compilation of data analytics of user activities. performing related tasks through digital content creation tools, visualization software, tools and technology; and. enhancing knowledge and coordinating work performance."
254316,2543-16,Digital Designer,2543,False,"Digital Designer. combine artistic and technical knowledge to conceptualize, plan, create, produce, develop digital content that display text, graphics, animation, imaging, audio and video, and other content type for various digital media including both linear and non-linear format.. creating world class, user centered designs through considerations of user research, business requirements, customer feedback and usability study findings. developing conceptual diagrams, wireframes, visual mockups, prototypes and visual design of web and mobile applications. developing and maintaining detailed user interface specifications. presenting design works to user experience, product, business owners for review and feedback. creating and implementing usability studies, personality, navigational structures, and affinity diagrams. providing usability recommendations based on industry best practices, analytics, and user behavior. collaborating proactively with the other members of the team including from different expertise to solve problems. optimising user experience based on the compilation of data analytics of user activities. performing related tasks through digital content creation tools, visualization software, tools and technology; and. enhancing knowledge and coordinating work performance."
254317,2543-17,Creative Team Leader,2543,False,"Creative Team Leader. combine artistic and technical knowledge to conceptualize, plan, create, produce, develop digital content that display text, graphics, animation, imaging, audio and video, and other content type for various digital media including both linear and non-linear format.. creating world class, user centered designs through considerations of user research, business requirements, customer feedback and usability study findings. developing conceptual diagrams, wireframes, visual mockups, prototypes and visual design of web and mobile applications. developing and maintaining detailed user interface specifications. presenting design works to user experience, product, business owners for review and feedback. creating and implementing usability studies, personality, navigational structures, and affinity diagrams. providing usability recommendations based on industry best practices, analytics, and user behavior. collaborating proactively with the other members of the team including from different expertise to solve problems. optimising user experience based on the compilation of data analytics of user activities. performing related tasks through digital content creation tools, visualization software, tools and technology; and. enhancing knowledge and coordinating work performance."
254318,2543-18,Character Rigger,2543,False,"Character Rigger. combine artistic and technical knowledge to conceptualize, plan, create, produce, develop digital content that display text, graphics, animation, imaging, audio and video, and other content type for various digital media including both linear and non-linear format.. creating world class, user centered designs through considerations of user research, business requirements, customer feedback and usability study findings. developing conceptual diagrams, wireframes, visual mockups, prototypes and visual design of web and mobile applications. developing and maintaining detailed user interface specifications. presenting design works to user experience, product, business owners for review and feedback. creating and implementing usability studies, personality, navigational structures, and affinity diagrams. providing usability recommendations based on industry best practices, analytics, and user behavior. collaborating proactively with the other members of the team including from different expertise to solve problems. optimising user experience based on the compilation of data analytics of user activities. performing related tasks through digital content creation tools, visualization software, tools and technology; and. enhancing knowledge and coordinating work performance."
254319,2543-19,System Technical Writer,2543,False,"System Technical Writer. combine artistic and technical knowledge to conceptualize, plan, create, produce, develop digital content that display text, graphics, animation, imaging, audio and video, and other content type for various digital media including both linear and non-linear format.. creating world class, user centered designs through considerations of user research, business requirements, customer feedback and usability study findings. developing conceptual diagrams, wireframes, visual mockups, prototypes and visual design of web and mobile applications. developing and maintaining detailed user interface specifications. presenting design works to user experience, product, business owners for review and feedback. creating and implementing usability studies, personality, navigational structures, and affinity diagrams. providing usability recommendations based on industry best practices, analytics, and user behavior. collaborating proactively with the other members of the team including from different expertise to solve problems. optimising user experience based on the compilation of data analytics of user activities. performing related tasks through digital content creation tools, visualization software, tools and technology; and. enhancing knowledge and coordinating work performance."
283301,2833-01,Simultaneous Interpreters Grade N41,2833,False,"Simultaneous Interpreters Grade N41. translate or interpret from one language into another and study the origin, development and structure of languages.. studying the relationships between ancient parent languages and modern language groups, tracing the origin and evolution of words, grammar and language forms and presenting findings. advising on or preparing language classification systems, grammars, dictionaries and similar matters. translating from one language into another and ensuring that the correct meaning of the original is retained, that legal, technical or scientific texts are correctly rendered and that the phraseology, terminology, spirit and style are conveyed as far as possible. interpreting from one language into another, in particular at conferences, meetings and similar occasions, and ensuring that the correct meaning and, as far as possible, the spirit of the original are transmitted. providing simultaneous interpreting at meetings of the Senate and House of Representatives, and editing the questions of the Senate. specialising in at least two or more languages. responsible for managing and implementing projects, programs and development activities and the development of the Malay language as the national language and official language. performing related tasks; and. enhancing knowledge and coordinating work performance."
283302,2833-02,Translator,2833,True,"Translator. translate or interpret from one language into another and study the origin, development and structure of languages.. studying the relationships between ancient parent languages and modern language groups, tracing the origin and evolution of words, grammar and language forms and presenting findings. advising on or preparing language classification systems, grammars, dictionaries and similar matters. translating from one language into another and ensuring that the correct meaning of the original is retained, that legal, technical or scientific texts are correctly rendered and that the phraseology, terminology, spirit and style are conveyed as far as possible. interpreting from one language into another, in particular at conferences, meetings and similar occasions, and ensuring that the correct meaning and, as far as possible, the spirit of the original are transmitted. providing simultaneous interpreting at meetings of the Senate and House of Representatives, and editing the questions of the Senate. specialising in at least two or more languages. responsible for managing and implementing projects, programs and development activities and the development of the Malay language as the national language and official language. performing related tasks; and. enhancing knowledge and coordinating work performance."
283303,2833-03,Interpreter,2833,False,"Interpreter. translate or interpret from one language into another and study the origin, development and structure of languages.. studying the relationships between ancient parent languages and modern language groups, tracing the origin and evolution of words, grammar and language forms and presenting findings. advising on or preparing language classification systems, grammars, dictionaries and similar matters. translating from one language into another and ensuring that the correct meaning of the original is retained, that legal, technical or scientific texts are correctly rendered and that the phraseology, terminology, spirit and style are conveyed as far as possible. interpreting from one language into another, in particular at conferences, meetings and similar occasions, and ensuring that the correct meaning and, as far as possible, the spirit of the original are transmitted. providing simultaneous interpreting at meetings of the Senate and House of Representatives, and editing the questions of the Senate. specialising in at least two or more languages. responsible for managing and implementing projects, programs and development activities and the development of the Malay language as the national language and official language. performing related tasks; and. enhancing knowledge and coordinating work performance."
283304,2833-04,Philologist,2833,False,"Philologist. translate or interpret from one language into another and study the origin, development and structure of languages.. studying the relationships between ancient parent languages and modern language groups, tracing the origin and evolution of words, grammar and language forms and presenting findings. advising on or preparing language classification systems, grammars, dictionaries and similar matters. translating from one language into another and ensuring that the correct meaning of the original is retained, that legal, technical or scientific texts are correctly rendered and that the phraseology, terminology, spirit and style are conveyed as far as possible. interpreting from one language into another, in particular at conferences, meetings and similar occasions, and ensuring that the correct meaning and, as far as possible, the spirit of the original are transmitted. providing simultaneous interpreting at meetings of the Senate and House of Representatives, and editing the questions of the Senate. specialising in at least two or more languages. responsible for managing and implementing projects, programs and development activities and the development of the Malay language as the national language and official language. performing related tasks; and. enhancing knowledge and coordinating work performance."
283305,2833-05,Lexicographer,2833,False,"Lexicographer. translate or interpret from one language into another and study the origin, development and structure of languages.. studying the relationships between ancient parent languages and modern language groups, tracing the origin and evolution of words, grammar and language forms and presenting findings. advising on or preparing language classification systems, grammars, dictionaries and similar matters. translating from one language into another and ensuring that the correct meaning of the original is retained, that legal, technical or scientific texts are correctly rendered and that the phraseology, terminology, spirit and style are conveyed as far as possible. interpreting from one language into another, in particular at conferences, meetings and similar occasions, and ensuring that the correct meaning and, as far as possible, the spirit of the original are transmitted. providing simultaneous interpreting at meetings of the Senate and House of Representatives, and editing the questions of the Senate. specialising in at least two or more languages. responsible for managing and implementing projects, programs and development activities and the development of the Malay language as the national language and official language. performing related tasks; and. enhancing knowledge and coordinating work performance."
283306,2833-06,Sign Language Interpreter,2833,False,"Sign Language Interpreter. translate or interpret from one language into another and study the origin, development and structure of languages.. studying the relationships between ancient parent languages and modern language groups, tracing the origin and evolution of words, grammar and language forms and presenting findings. advising on or preparing language classification systems, grammars, dictionaries and similar matters. translating from one language into another and ensuring that the correct meaning of the original is retained, that legal, technical or scientific texts are correctly rendered and that the phraseology, terminology, spirit and style are conveyed as far as possible. interpreting from one language into another, in particular at conferences, meetings and similar occasions, and ensuring that the correct meaning and, as far as possible, the spirit of the original are transmitted. providing simultaneous interpreting at meetings of the Senate and House of Representatives, and editing the questions of the Senate. specialising in at least two or more languages. responsible for managing and implementing projects, programs and development activities and the development of the Malay language as the national language and official language. performing related tasks; and. enhancing knowledge and coordinating work performance."
283307,2833-07,Subtitler,2833,False,"Subtitler. translate or interpret from one language into another and study the origin, development and structure of languages.. studying the relationships between ancient parent languages and modern language groups, tracing the origin and evolution of words, grammar and language forms and presenting findings. advising on or preparing language classification systems, grammars, dictionaries and similar matters. translating from one language into another and ensuring that the correct meaning of the original is retained, that legal, technical or scientific texts are correctly rendered and that the phraseology, terminology, spirit and style are conveyed as far as possible. interpreting from one language into another, in particular at conferences, meetings and similar occasions, and ensuring that the correct meaning and, as far as possible, the spirit of the original are transmitted. providing simultaneous interpreting at meetings of the Senate and House of Representatives, and editing the questions of the Senate. specialising in at least two or more languages. responsible for managing and implementing projects, programs and development activities and the development of the Malay language as the national language and official language. performing related tasks; and. enhancing knowledge and coordinating work performance."
283308,2833-08,Language Planner Grade S41,2833,False,"Language Planner Grade S41. translate or interpret from one language into another and study the origin, development and structure of languages.. studying the relationships between ancient parent languages and modern language groups, tracing the origin and evolution of words, grammar and language forms and presenting findings. advising on or preparing language classification systems, grammars, dictionaries and similar matters. translating from one language into another and ensuring that the correct meaning of the original is retained, that legal, technical or scientific texts are correctly rendered and that the phraseology, terminology, spirit and style are conveyed as far as possible. interpreting from one language into another, in particular at conferences, meetings and similar occasions, and ensuring that the correct meaning and, as far as possible, the spirit of the original are transmitted. providing simultaneous interpreting at meetings of the Senate and House of Representatives, and editing the questions of the Senate. specialising in at least two or more languages. responsible for managing and implementing projects, programs and development activities and the development of the Malay language as the national language and official language. performing related tasks; and. enhancing knowledge and coordinating work performance."
283309,2833-09,Interpreter Grade LA29,2833,False,"Interpreter Grade LA29. translate or interpret from one language into another and study the origin, development and structure of languages.. studying the relationships between ancient parent languages and modern language groups, tracing the origin and evolution of words, grammar and language forms and presenting findings. advising on or preparing language classification systems, grammars, dictionaries and similar matters. translating from one language into another and ensuring that the correct meaning of the original is retained, that legal, technical or scientific texts are correctly rendered and that the phraseology, terminology, spirit and style are conveyed as far as possible. interpreting from one language into another, in particular at conferences, meetings and similar occasions, and ensuring that the correct meaning and, as far as possible, the spirit of the original are transmitted. providing simultaneous interpreting at meetings of the Senate and House of Representatives, and editing the questions of the Senate. specialising in at least two or more languages. responsible for managing and implementing projects, programs and development activities and the development of the Malay language as the national language and official language. performing related tasks; and. enhancing knowledge and coordinating work performance."
283310,2833-10,Interpreter Grade LA19,2833,False,"Interpreter Grade LA19. translate or interpret from one language into another and study the origin, development and structure of languages.. studying the relationships between ancient parent languages and modern language groups, tracing the origin and evolution of words, grammar and language forms and presenting findings. advising on or preparing language classification systems, grammars, dictionaries and similar matters. translating from one language into another and ensuring that the correct meaning of the original is retained, that legal, technical or scientific texts are correctly rendered and that the phraseology, terminology, spirit and style are conveyed as far as possible. interpreting from one language into another, in particular at conferences, meetings and similar occasions, and ensuring that the correct meaning and, as far as possible, the spirit of the original are transmitted. providing simultaneous interpreting at meetings of the Senate and House of Representatives, and editing the questions of the Senate. specialising in at least two or more languages. responsible for managing and implementing projects, programs and development activities and the development of the Malay language as the national language and official language. performing related tasks; and. enhancing knowledge and coordinating work performance."
412101,4121-01,Office Secretary Grade N29,4121,False,"Office Secretary Grade N29. use typewriters, personal computers or other word-processing equipment to transcribe correspondence and other documents, check and format documents prepared by other staff, deal with incoming and outgoing mail, screen requests for meetings or appointments, and perform a variety of administrative support tasks.. checking, formatting and transcribing correspondence, minutes and reports from dictation, electronic documents or written drafts to conform to office standards using the typewriter or other word processing equipment. using various computer software packages including spreadsheets to provide administrative support. dealing with incoming or outgoing mail. checking, recording and distributing mail, correspondence and documents. screening requests for meetings or appointments and helping to organise meetings. screening and recording leave and other staff members’ entitlements. organising and supervising filing systems. dealing with routine correspondence. taking shorthand, typing and managing file movement. performing related tasks; and. supervising, scheduling and monitoring the tasks of other workers."
412102,4121-02,Assistant Office Secretary Grade N19,4121,False,"Assistant Office Secretary Grade N19. use typewriters, personal computers or other word-processing equipment to transcribe correspondence and other documents, check and format documents prepared by other staff, deal with incoming and outgoing mail, screen requests for meetings or appointments, and perform a variety of administrative support tasks.. checking, formatting and transcribing correspondence, minutes and reports from dictation, electronic documents or written drafts to conform to office standards using the typewriter or other word processing equipment. using various computer software packages including spreadsheets to provide administrative support. dealing with incoming or outgoing mail. checking, recording and distributing mail, correspondence and documents. screening requests for meetings or appointments and helping to organise meetings. screening and recording leave and other staff members’ entitlements. organising and supervising filing systems. dealing with routine correspondence. taking shorthand, typing and managing file movement. performing related tasks; and. supervising, scheduling and monitoring the tasks of other workers."
412103,4121-03,Administrative Assistant (Secretarial) Grade 21,4121,False,"Administrative Assistant (Secretarial) Grade 21. use typewriters, personal computers or other word-processing equipment to transcribe correspondence and other documents, check and format documents prepared by other staff, deal with incoming and outgoing mail, screen requests for meetings or appointments, and perform a variety of administrative support tasks.. checking, formatting and transcribing correspondence, minutes and reports from dictation, electronic documents or written drafts to conform to office standards using the typewriter or other word processing equipment. using various computer software packages including spreadsheets to provide administrative support. dealing with incoming or outgoing mail. checking, recording and distributing mail, correspondence and documents. screening requests for meetings or appointments and helping to organise meetings. screening and recording leave and other staff members’ entitlements. organising and supervising filing systems. dealing with routine correspondence. taking shorthand, typing and managing file movement. performing related tasks; and. supervising, scheduling and monitoring the tasks of other workers."
412104,4121-04,Executive Assistant (Secretarial) Grade 3,4121,False,"Executive Assistant (Secretarial) Grade 3. use typewriters, personal computers or other word-processing equipment to transcribe correspondence and other documents, check and format documents prepared by other staff, deal with incoming and outgoing mail, screen requests for meetings or appointments, and perform a variety of administrative support tasks.. checking, formatting and transcribing correspondence, minutes and reports from dictation, electronic documents or written drafts to conform to office standards using the typewriter or other word processing equipment. using various computer software packages including spreadsheets to provide administrative support. dealing with incoming or outgoing mail. checking, recording and distributing mail, correspondence and documents. screening requests for meetings or appointments and helping to organise meetings. screening and recording leave and other staff members’ entitlements. organising and supervising filing systems. dealing with routine correspondence. taking shorthand, typing and managing file movement. performing related tasks; and. supervising, scheduling and monitoring the tasks of other workers."
412105,4121-05,Secretarial Administrative Assistant,4121,False,"Secretarial Administrative Assistant. use typewriters, personal computers or other word-processing equipment to transcribe correspondence and other documents, check and format documents prepared by other staff, deal with incoming and outgoing mail, screen requests for meetings or appointments, and perform a variety of administrative support tasks.. checking, formatting and transcribing correspondence, minutes and reports from dictation, electronic documents or written drafts to conform to office standards using the typewriter or other word processing equipment. using various computer software packages including spreadsheets to provide administrative support. dealing with incoming or outgoing mail. checking, recording and distributing mail, correspondence and documents. screening requests for meetings or appointments and helping to organise meetings. screening and recording leave and other staff members’ entitlements. organising and supervising filing systems. dealing with routine correspondence. taking shorthand, typing and managing file movement. performing related tasks; and. supervising, scheduling and monitoring the tasks of other workers."
412106,4121-06,Administrative Assistant (Secretarial),4121,False,"Administrative Assistant (Secretarial). use typewriters, personal computers or other word-processing equipment to transcribe correspondence and other documents, check and format documents prepared by other staff, deal with incoming and outgoing mail, screen requests for meetings or appointments, and perform a variety of administrative support tasks.. checking, formatting and transcribing correspondence, minutes and reports from dictation, electronic documents or written drafts to conform to office standards using the typewriter or other word processing equipment. using various computer software packages including spreadsheets to provide administrative support. dealing with incoming or outgoing mail. checking, recording and distributing mail, correspondence and documents. screening requests for meetings or appointments and helping to organise meetings. screening and recording leave and other staff members’ entitlements. organising and supervising filing systems. dealing with routine correspondence. taking shorthand, typing and managing file movement. performing related tasks; and. supervising, scheduling and monitoring the tasks of other workers."
412107,4121-07,Secretary,4121,True,"Secretary. use typewriters, personal computers or other word-processing equipment to transcribe correspondence and other documents, check and format documents prepared by other staff, deal with incoming and outgoing mail, screen requests for meetings or appointments, and perform a variety of administrative support tasks.. checking, formatting and transcribing correspondence, minutes and reports from dictation, electronic documents or written drafts to conform to office standards using the typewriter or other word processing equipment. using various computer software packages including spreadsheets to provide administrative support. dealing with incoming or outgoing mail. checking, recording and distributing mail, correspondence and documents. screening requests for meetings or appointments and helping to organise meetings. screening and recording leave and other staff members’ entitlements. organising and supervising filing systems. dealing with routine correspondence. taking shorthand, typing and managing file movement. performing related tasks; and. supervising, scheduling and monitoring the tasks of other workers."
412108,4121-08,Confidential Secretary,4121,False,"Confidential Secretary. use typewriters, personal computers or other word-processing equipment to transcribe correspondence and other documents, check and format documents prepared by other staff, deal with incoming and outgoing mail, screen requests for meetings or appointments, and perform a variety of administrative support tasks.. checking, formatting and transcribing correspondence, minutes and reports from dictation, electronic documents or written drafts to conform to office standards using the typewriter or other word processing equipment. using various computer software packages including spreadsheets to provide administrative support. dealing with incoming or outgoing mail. checking, recording and distributing mail, correspondence and documents. screening requests for meetings or appointments and helping to organise meetings. screening and recording leave and other staff members’ entitlements. organising and supervising filing systems. dealing with routine correspondence. taking shorthand, typing and managing file movement. performing related tasks; and. supervising, scheduling and monitoring the tasks of other workers."
412109,4121-09,Stenography Secretary,4121,False,"Stenography Secretary. use typewriters, personal computers or other word-processing equipment to transcribe correspondence and other documents, check and format documents prepared by other staff, deal with incoming and outgoing mail, screen requests for meetings or appointments, and perform a variety of administrative support tasks.. checking, formatting and transcribing correspondence, minutes and reports from dictation, electronic documents or written drafts to conform to office standards using the typewriter or other word processing equipment. using various computer software packages including spreadsheets to provide administrative support. dealing with incoming or outgoing mail. checking, recording and distributing mail, correspondence and documents. screening requests for meetings or appointments and helping to organise meetings. screening and recording leave and other staff members’ entitlements. organising and supervising filing systems. dealing with routine correspondence. taking shorthand, typing and managing file movement. performing related tasks; and. supervising, scheduling and monitoring the tasks of other workers."
412110,4121-10,Sales Secretary,4121,False,"Sales Secretary. use typewriters, personal computers or other word-processing equipment to transcribe correspondence and other documents, check and format documents prepared by other staff, deal with incoming and outgoing mail, screen requests for meetings or appointments, and perform a variety of administrative support tasks.. checking, formatting and transcribing correspondence, minutes and reports from dictation, electronic documents or written drafts to conform to office standards using the typewriter or other word processing equipment. using various computer software packages including spreadsheets to provide administrative support. dealing with incoming or outgoing mail. checking, recording and distributing mail, correspondence and documents. screening requests for meetings or appointments and helping to organise meetings. screening and recording leave and other staff members’ entitlements. organising and supervising filing systems. dealing with routine correspondence. taking shorthand, typing and managing file movement. performing related tasks; and. supervising, scheduling and monitoring the tasks of other workers."
412111,4121-11,School Secretary,4121,False,"School Secretary. use typewriters, personal computers or other word-processing equipment to transcribe correspondence and other documents, check and format documents prepared by other staff, deal with incoming and outgoing mail, screen requests for meetings or appointments, and perform a variety of administrative support tasks.. checking, formatting and transcribing correspondence, minutes and reports from dictation, electronic documents or written drafts to conform to office standards using the typewriter or other word processing equipment. using various computer software packages including spreadsheets to provide administrative support. dealing with incoming or outgoing mail. checking, recording and distributing mail, correspondence and documents. screening requests for meetings or appointments and helping to organise meetings. screening and recording leave and other staff members’ entitlements. organising and supervising filing systems. dealing with routine correspondence. taking shorthand, typing and managing file movement. performing related tasks; and. supervising, scheduling and monitoring the tasks of other workers."
412112,4121-12,Office Assistant Secretary,4121,False,"Office Assistant Secretary. use typewriters, personal computers or other word-processing equipment to transcribe correspondence and other documents, check and format documents prepared by other staff, deal with incoming and outgoing mail, screen requests for meetings or appointments, and perform a variety of administrative support tasks.. checking, formatting and transcribing correspondence, minutes and reports from dictation, electronic documents or written drafts to conform to office standards using the typewriter or other word processing equipment. using various computer software packages including spreadsheets to provide administrative support. dealing with incoming or outgoing mail. checking, recording and distributing mail, correspondence and documents. screening requests for meetings or appointments and helping to organise meetings. screening and recording leave and other staff members’ entitlements. organising and supervising filing systems. dealing with routine correspondence. taking shorthand, typing and managing file movement. performing related tasks; and. supervising, scheduling and monitoring the tasks of other workers."
412113,4121-13,Secretary/Assistant Secretary Grade 19,4121,False,"Secretary/Assistant Secretary Grade 19. use typewriters, personal computers or other word-processing equipment to transcribe correspondence and other documents, check and format documents prepared by other staff, deal with incoming and outgoing mail, screen requests for meetings or appointments, and perform a variety of administrative support tasks.. checking, formatting and transcribing correspondence, minutes and reports from dictation, electronic documents or written drafts to conform to office standards using the typewriter or other word processing equipment. using various computer software packages including spreadsheets to provide administrative support. dealing with incoming or outgoing mail. checking, recording and distributing mail, correspondence and documents. screening requests for meetings or appointments and helping to organise meetings. screening and recording leave and other staff members’ entitlements. organising and supervising filing systems. dealing with routine correspondence. taking shorthand, typing and managing file movement. performing related tasks; and. supervising, scheduling and monitoring the tasks of other workers."
422201,4222-01,Information Assistant Grade S19,4222,False,"Information Assistant Grade S19. provide advice and information to clients, respond to clients’ queries regarding an organisation’s goods, services or policies and process financial transactions via telephone or electronic communications media such as e-mail. They are located in premises that may be far from clients.. taking charge of incoming calls and messages from clients either responding to queries, handling calls about services or sorting complaints. issuing invoices or handling payments, if necessary. sending letters, information sheets and other documents to clients. advising clients of additional products or services. dealing with telephone requests for information or appointments. directing clients or patients to the appropriate location or person. taking any form of complaint or feedback from customers which is related to organisational operation and services. performing related tasks; and. supervising, scheduling and monitoring the tasks of other workers."
422202,4222-02,Appointments Clerk,4222,False,"Appointments Clerk. provide advice and information to clients, respond to clients’ queries regarding an organisation’s goods, services or policies and process financial transactions via telephone or electronic communications media such as e-mail. They are located in premises that may be far from clients.. taking charge of incoming calls and messages from clients either responding to queries, handling calls about services or sorting complaints. issuing invoices or handling payments, if necessary. sending letters, information sheets and other documents to clients. advising clients of additional products or services. dealing with telephone requests for information or appointments. directing clients or patients to the appropriate location or person. taking any form of complaint or feedback from customers which is related to organisational operation and services. performing related tasks; and. supervising, scheduling and monitoring the tasks of other workers."
422203,4222-03,Customer Service Supervisor,4222,False,"Customer Service Supervisor. provide advice and information to clients, respond to clients’ queries regarding an organisation’s goods, services or policies and process financial transactions via telephone or electronic communications media such as e-mail. They are located in premises that may be far from clients.. taking charge of incoming calls and messages from clients either responding to queries, handling calls about services or sorting complaints. issuing invoices or handling payments, if necessary. sending letters, information sheets and other documents to clients. advising clients of additional products or services. dealing with telephone requests for information or appointments. directing clients or patients to the appropriate location or person. taking any form of complaint or feedback from customers which is related to organisational operation and services. performing related tasks; and. supervising, scheduling and monitoring the tasks of other workers."
422204,4222-04,Call Centre Clerk,4222,False,"Call Centre Clerk. provide advice and information to clients, respond to clients’ queries regarding an organisation’s goods, services or policies and process financial transactions via telephone or electronic communications media such as e-mail. They are located in premises that may be far from clients.. taking charge of incoming calls and messages from clients either responding to queries, handling calls about services or sorting complaints. issuing invoices or handling payments, if necessary. sending letters, information sheets and other documents to clients. advising clients of additional products or services. dealing with telephone requests for information or appointments. directing clients or patients to the appropriate location or person. taking any form of complaint or feedback from customers which is related to organisational operation and services. performing related tasks; and. supervising, scheduling and monitoring the tasks of other workers."
422205,4222-05,Customer Service Assistant,4222,False,"Customer Service Assistant. provide advice and information to clients, respond to clients’ queries regarding an organisation’s goods, services or policies and process financial transactions via telephone or electronic communications media such as e-mail. They are located in premises that may be far from clients.. taking charge of incoming calls and messages from clients either responding to queries, handling calls about services or sorting complaints. issuing invoices or handling payments, if necessary. sending letters, information sheets and other documents to clients. advising clients of additional products or services. dealing with telephone requests for information or appointments. directing clients or patients to the appropriate location or person. taking any form of complaint or feedback from customers which is related to organisational operation and services. performing related tasks; and. supervising, scheduling and monitoring the tasks of other workers."
422206,4222-06,Call Centre Agent (Customer Service),4222,False,"Call Centre Agent (Customer Service). provide advice and information to clients, respond to clients’ queries regarding an organisation’s goods, services or policies and process financial transactions via telephone or electronic communications media such as e-mail. They are located in premises that may be far from clients.. taking charge of incoming calls and messages from clients either responding to queries, handling calls about services or sorting complaints. issuing invoices or handling payments, if necessary. sending letters, information sheets and other documents to clients. advising clients of additional products or services. dealing with telephone requests for information or appointments. directing clients or patients to the appropriate location or person. taking any form of complaint or feedback from customers which is related to organisational operation and services. performing related tasks; and. supervising, scheduling and monitoring the tasks of other workers."
422207,4222-07,Customer Contact Centre Information Clerk,4222,True,"Customer Contact Centre Information Clerk. provide advice and information to clients, respond to clients’ queries regarding an organisation’s goods, services or policies and process financial transactions via telephone or electronic communications media such as e-mail. They are located in premises that may be far from clients.. taking charge of incoming calls and messages from clients either responding to queries, handling calls about services or sorting complaints. issuing invoices or handling payments, if necessary. sending letters, information sheets and other documents to clients. advising clients of additional products or services. dealing with telephone requests for information or appointments. directing clients or patients to the appropriate location or person. taking any form of complaint or feedback from customers which is related to organisational operation and services. performing related tasks; and. supervising, scheduling and monitoring the tasks of other workers."
431101,4311-01,Administrative Assistant (Accounting) Grade 21,4311,False,"Administrative Assistant (Accounting) Grade 21. compute, classify and record numerical data to keep complete financial records. They perform any combination of routine calculating, notification and verifying duties to obtain primary financial data for use in management of accounting records.. checking figures, notification and documents for correct information, mathematical accuracy and proper codes. operating computers programmed with accounting software to record, store, and analyse information. classifying, recording and summarising numerical and financial data to compile and keep financial records using journals and ledgers or computers. calculating, preparing and issuing bills, invoices, account statements and other financial statements according to established procedures. compiling statistical, financial, accounting or audit reports and tables pertaining to such matters as cash receipts, expenditures, payable and receivable accounts, and profits and losses. performing related tasks; and. supervising, scheduling and monitoring the tasks of other workers."
431102,4311-02,Executive Assistant (Accounting) Grade 3,4311,False,"Executive Assistant (Accounting) Grade 3. compute, classify and record numerical data to keep complete financial records. They perform any combination of routine calculating, notification and verifying duties to obtain primary financial data for use in management of accounting records.. checking figures, notification and documents for correct information, mathematical accuracy and proper codes. operating computers programmed with accounting software to record, store, and analyse information. classifying, recording and summarising numerical and financial data to compile and keep financial records using journals and ledgers or computers. calculating, preparing and issuing bills, invoices, account statements and other financial statements according to established procedures. compiling statistical, financial, accounting or audit reports and tables pertaining to such matters as cash receipts, expenditures, payable and receivable accounts, and profits and losses. performing related tasks; and. supervising, scheduling and monitoring the tasks of other workers."
431103,4311-03,Ledger Clerk,4311,False,"Ledger Clerk. compute, classify and record numerical data to keep complete financial records. They perform any combination of routine calculating, notification and verifying duties to obtain primary financial data for use in management of accounting records.. checking figures, notification and documents for correct information, mathematical accuracy and proper codes. operating computers programmed with accounting software to record, store, and analyse information. classifying, recording and summarising numerical and financial data to compile and keep financial records using journals and ledgers or computers. calculating, preparing and issuing bills, invoices, account statements and other financial statements according to established procedures. compiling statistical, financial, accounting or audit reports and tables pertaining to such matters as cash receipts, expenditures, payable and receivable accounts, and profits and losses. performing related tasks; and. supervising, scheduling and monitoring the tasks of other workers."
431104,4311-04,Book-keeping Machine Clerk,4311,False,"Book-keeping Machine Clerk. compute, classify and record numerical data to keep complete financial records. They perform any combination of routine calculating, notification and verifying duties to obtain primary financial data for use in management of accounting records.. checking figures, notification and documents for correct information, mathematical accuracy and proper codes. operating computers programmed with accounting software to record, store, and analyse information. classifying, recording and summarising numerical and financial data to compile and keep financial records using journals and ledgers or computers. calculating, preparing and issuing bills, invoices, account statements and other financial statements according to established procedures. compiling statistical, financial, accounting or audit reports and tables pertaining to such matters as cash receipts, expenditures, payable and receivable accounts, and profits and losses. performing related tasks; and. supervising, scheduling and monitoring the tasks of other workers."
431105,4311-05,Book-keeping Clerk,4311,True,"Book-keeping Clerk. compute, classify and record numerical data to keep complete financial records. They perform any combination of routine calculating, notification and verifying duties to obtain primary financial data for use in management of accounting records.. checking figures, notification and documents for correct information, mathematical accuracy and proper codes. operating computers programmed with accounting software to record, store, and analyse information. classifying, recording and summarising numerical and financial data to compile and keep financial records using journals and ledgers or computers. calculating, preparing and issuing bills, invoices, account statements and other financial statements according to established procedures. compiling statistical, financial, accounting or audit reports and tables pertaining to such matters as cash receipts, expenditures, payable and receivable accounts, and profits and losses. performing related tasks; and. supervising, scheduling and monitoring the tasks of other workers."
431106,4311-06,Ledger Bookkeeper,4311,False,"Ledger Bookkeeper. compute, classify and record numerical data to keep complete financial records. They perform any combination of routine calculating, notification and verifying duties to obtain primary financial data for use in management of accounting records.. checking figures, notification and documents for correct information, mathematical accuracy and proper codes. operating computers programmed with accounting software to record, store, and analyse information. classifying, recording and summarising numerical and financial data to compile and keep financial records using journals and ledgers or computers. calculating, preparing and issuing bills, invoices, account statements and other financial statements according to established procedures. compiling statistical, financial, accounting or audit reports and tables pertaining to such matters as cash receipts, expenditures, payable and receivable accounts, and profits and losses. performing related tasks; and. supervising, scheduling and monitoring the tasks of other workers."
431107,4311-07,Account Clerk,4311,False,"Account Clerk. compute, classify and record numerical data to keep complete financial records. They perform any combination of routine calculating, notification and verifying duties to obtain primary financial data for use in management of accounting records.. checking figures, notification and documents for correct information, mathematical accuracy and proper codes. operating computers programmed with accounting software to record, store, and analyse information. classifying, recording and summarising numerical and financial data to compile and keep financial records using journals and ledgers or computers. calculating, preparing and issuing bills, invoices, account statements and other financial statements according to established procedures. compiling statistical, financial, accounting or audit reports and tables pertaining to such matters as cash receipts, expenditures, payable and receivable accounts, and profits and losses. performing related tasks; and. supervising, scheduling and monitoring the tasks of other workers."
431108,4311-08,Accounting Payable Clerk,4311,False,"Accounting Payable Clerk. compute, classify and record numerical data to keep complete financial records. They perform any combination of routine calculating, notification and verifying duties to obtain primary financial data for use in management of accounting records.. checking figures, notification and documents for correct information, mathematical accuracy and proper codes. operating computers programmed with accounting software to record, store, and analyse information. classifying, recording and summarising numerical and financial data to compile and keep financial records using journals and ledgers or computers. calculating, preparing and issuing bills, invoices, account statements and other financial statements according to established procedures. compiling statistical, financial, accounting or audit reports and tables pertaining to such matters as cash receipts, expenditures, payable and receivable accounts, and profits and losses. performing related tasks; and. supervising, scheduling and monitoring the tasks of other workers."
431109,4311-09,Accounting Receivable Clerk,4311,False,"Accounting Receivable Clerk. compute, classify and record numerical data to keep complete financial records. They perform any combination of routine calculating, notification and verifying duties to obtain primary financial data for use in management of accounting records.. checking figures, notification and documents for correct information, mathematical accuracy and proper codes. operating computers programmed with accounting software to record, store, and analyse information. classifying, recording and summarising numerical and financial data to compile and keep financial records using journals and ledgers or computers. calculating, preparing and issuing bills, invoices, account statements and other financial statements according to established procedures. compiling statistical, financial, accounting or audit reports and tables pertaining to such matters as cash receipts, expenditures, payable and receivable accounts, and profits and losses. performing related tasks; and. supervising, scheduling and monitoring the tasks of other workers."
431110,4311-10,Account and Promotion Clerk,4311,False,"Account and Promotion Clerk. compute, classify and record numerical data to keep complete financial records. They perform any combination of routine calculating, notification and verifying duties to obtain primary financial data for use in management of accounting records.. checking figures, notification and documents for correct information, mathematical accuracy and proper codes. operating computers programmed with accounting software to record, store, and analyse information. classifying, recording and summarising numerical and financial data to compile and keep financial records using journals and ledgers or computers. calculating, preparing and issuing bills, invoices, account statements and other financial statements according to established procedures. compiling statistical, financial, accounting or audit reports and tables pertaining to such matters as cash receipts, expenditures, payable and receivable accounts, and profits and losses. performing related tasks; and. supervising, scheduling and monitoring the tasks of other workers."
431111,4311-11,Invoice Clerk,4311,False,"Invoice Clerk. compute, classify and record numerical data to keep complete financial records. They perform any combination of routine calculating, notification and verifying duties to obtain primary financial data for use in management of accounting records.. checking figures, notification and documents for correct information, mathematical accuracy and proper codes. operating computers programmed with accounting software to record, store, and analyse information. classifying, recording and summarising numerical and financial data to compile and keep financial records using journals and ledgers or computers. calculating, preparing and issuing bills, invoices, account statements and other financial statements according to established procedures. compiling statistical, financial, accounting or audit reports and tables pertaining to such matters as cash receipts, expenditures, payable and receivable accounts, and profits and losses. performing related tasks; and. supervising, scheduling and monitoring the tasks of other workers."
431112,4311-12,Auction Clerk,4311,False,"Auction Clerk. compute, classify and record numerical data to keep complete financial records. They perform any combination of routine calculating, notification and verifying duties to obtain primary financial data for use in management of accounting records.. checking figures, notification and documents for correct information, mathematical accuracy and proper codes. operating computers programmed with accounting software to record, store, and analyse information. classifying, recording and summarising numerical and financial data to compile and keep financial records using journals and ledgers or computers. calculating, preparing and issuing bills, invoices, account statements and other financial statements according to established procedures. compiling statistical, financial, accounting or audit reports and tables pertaining to such matters as cash receipts, expenditures, payable and receivable accounts, and profits and losses. performing related tasks; and. supervising, scheduling and monitoring the tasks of other workers."
431113,4311-13,Administrative and Accounting Clerk,4311,False,"Administrative and Accounting Clerk. compute, classify and record numerical data to keep complete financial records. They perform any combination of routine calculating, notification and verifying duties to obtain primary financial data for use in management of accounting records.. checking figures, notification and documents for correct information, mathematical accuracy and proper codes. operating computers programmed with accounting software to record, store, and analyse information. classifying, recording and summarising numerical and financial data to compile and keep financial records using journals and ledgers or computers. calculating, preparing and issuing bills, invoices, account statements and other financial statements according to established procedures. compiling statistical, financial, accounting or audit reports and tables pertaining to such matters as cash receipts, expenditures, payable and receivable accounts, and profits and losses. performing related tasks; and. supervising, scheduling and monitoring the tasks of other workers."
431114,4311-14,Audit Clerk,4311,False,"Audit Clerk. compute, classify and record numerical data to keep complete financial records. They perform any combination of routine calculating, notification and verifying duties to obtain primary financial data for use in management of accounting records.. checking figures, notification and documents for correct information, mathematical accuracy and proper codes. operating computers programmed with accounting software to record, store, and analyse information. classifying, recording and summarising numerical and financial data to compile and keep financial records using journals and ledgers or computers. calculating, preparing and issuing bills, invoices, account statements and other financial statements according to established procedures. compiling statistical, financial, accounting or audit reports and tables pertaining to such matters as cash receipts, expenditures, payable and receivable accounts, and profits and losses. performing related tasks; and. supervising, scheduling and monitoring the tasks of other workers."
431115,4311-15,Credit Control Clerk,4311,False,"Credit Control Clerk. compute, classify and record numerical data to keep complete financial records. They perform any combination of routine calculating, notification and verifying duties to obtain primary financial data for use in management of accounting records.. checking figures, notification and documents for correct information, mathematical accuracy and proper codes. operating computers programmed with accounting software to record, store, and analyse information. classifying, recording and summarising numerical and financial data to compile and keep financial records using journals and ledgers or computers. calculating, preparing and issuing bills, invoices, account statements and other financial statements according to established procedures. compiling statistical, financial, accounting or audit reports and tables pertaining to such matters as cash receipts, expenditures, payable and receivable accounts, and profits and losses. performing related tasks; and. supervising, scheduling and monitoring the tasks of other workers."
431116,4311-16,Credit Clerk,4311,False,"Credit Clerk. compute, classify and record numerical data to keep complete financial records. They perform any combination of routine calculating, notification and verifying duties to obtain primary financial data for use in management of accounting records.. checking figures, notification and documents for correct information, mathematical accuracy and proper codes. operating computers programmed with accounting software to record, store, and analyse information. classifying, recording and summarising numerical and financial data to compile and keep financial records using journals and ledgers or computers. calculating, preparing and issuing bills, invoices, account statements and other financial statements according to established procedures. compiling statistical, financial, accounting or audit reports and tables pertaining to such matters as cash receipts, expenditures, payable and receivable accounts, and profits and losses. performing related tasks; and. supervising, scheduling and monitoring the tasks of other workers."
431117,4311-17,Credit Control Assistant,4311,False,"Credit Control Assistant. compute, classify and record numerical data to keep complete financial records. They perform any combination of routine calculating, notification and verifying duties to obtain primary financial data for use in management of accounting records.. checking figures, notification and documents for correct information, mathematical accuracy and proper codes. operating computers programmed with accounting software to record, store, and analyse information. classifying, recording and summarising numerical and financial data to compile and keep financial records using journals and ledgers or computers. calculating, preparing and issuing bills, invoices, account statements and other financial statements according to established procedures. compiling statistical, financial, accounting or audit reports and tables pertaining to such matters as cash receipts, expenditures, payable and receivable accounts, and profits and losses. performing related tasks; and. supervising, scheduling and monitoring the tasks of other workers."
431118,4311-18,Billing Clerk,4311,False,"Billing Clerk. compute, classify and record numerical data to keep complete financial records. They perform any combination of routine calculating, notification and verifying duties to obtain primary financial data for use in management of accounting records.. checking figures, notification and documents for correct information, mathematical accuracy and proper codes. operating computers programmed with accounting software to record, store, and analyse information. classifying, recording and summarising numerical and financial data to compile and keep financial records using journals and ledgers or computers. calculating, preparing and issuing bills, invoices, account statements and other financial statements according to established procedures. compiling statistical, financial, accounting or audit reports and tables pertaining to such matters as cash receipts, expenditures, payable and receivable accounts, and profits and losses. performing related tasks; and. supervising, scheduling and monitoring the tasks of other workers."
431119,4311-19,Property Clerk,4311,False,"Property Clerk. compute, classify and record numerical data to keep complete financial records. They perform any combination of routine calculating, notification and verifying duties to obtain primary financial data for use in management of accounting records.. checking figures, notification and documents for correct information, mathematical accuracy and proper codes. operating computers programmed with accounting software to record, store, and analyse information. classifying, recording and summarising numerical and financial data to compile and keep financial records using journals and ledgers or computers. calculating, preparing and issuing bills, invoices, account statements and other financial statements according to established procedures. compiling statistical, financial, accounting or audit reports and tables pertaining to such matters as cash receipts, expenditures, payable and receivable accounts, and profits and losses. performing related tasks; and. supervising, scheduling and monitoring the tasks of other workers."
431120,4311-20,Cost Clerk,4311,False,"Cost Clerk. compute, classify and record numerical data to keep complete financial records. They perform any combination of routine calculating, notification and verifying duties to obtain primary financial data for use in management of accounting records.. checking figures, notification and documents for correct information, mathematical accuracy and proper codes. operating computers programmed with accounting software to record, store, and analyse information. classifying, recording and summarising numerical and financial data to compile and keep financial records using journals and ledgers or computers. calculating, preparing and issuing bills, invoices, account statements and other financial statements according to established procedures. compiling statistical, financial, accounting or audit reports and tables pertaining to such matters as cash receipts, expenditures, payable and receivable accounts, and profits and losses. performing related tasks; and. supervising, scheduling and monitoring the tasks of other workers."
431121,4311-21,Estimating Clerk,4311,False,"Estimating Clerk. compute, classify and record numerical data to keep complete financial records. They perform any combination of routine calculating, notification and verifying duties to obtain primary financial data for use in management of accounting records.. checking figures, notification and documents for correct information, mathematical accuracy and proper codes. operating computers programmed with accounting software to record, store, and analyse information. classifying, recording and summarising numerical and financial data to compile and keep financial records using journals and ledgers or computers. calculating, preparing and issuing bills, invoices, account statements and other financial statements according to established procedures. compiling statistical, financial, accounting or audit reports and tables pertaining to such matters as cash receipts, expenditures, payable and receivable accounts, and profits and losses. performing related tasks; and. supervising, scheduling and monitoring the tasks of other workers."
431122,4311-22,Cost Computing Clerk,4311,False,"Cost Computing Clerk. compute, classify and record numerical data to keep complete financial records. They perform any combination of routine calculating, notification and verifying duties to obtain primary financial data for use in management of accounting records.. checking figures, notification and documents for correct information, mathematical accuracy and proper codes. operating computers programmed with accounting software to record, store, and analyse information. classifying, recording and summarising numerical and financial data to compile and keep financial records using journals and ledgers or computers. calculating, preparing and issuing bills, invoices, account statements and other financial statements according to established procedures. compiling statistical, financial, accounting or audit reports and tables pertaining to such matters as cash receipts, expenditures, payable and receivable accounts, and profits and losses. performing related tasks; and. supervising, scheduling and monitoring the tasks of other workers."
431123,4311-23,Office Cash Clerk,4311,False,"Office Cash Clerk. compute, classify and record numerical data to keep complete financial records. They perform any combination of routine calculating, notification and verifying duties to obtain primary financial data for use in management of accounting records.. checking figures, notification and documents for correct information, mathematical accuracy and proper codes. operating computers programmed with accounting software to record, store, and analyse information. classifying, recording and summarising numerical and financial data to compile and keep financial records using journals and ledgers or computers. calculating, preparing and issuing bills, invoices, account statements and other financial statements according to established procedures. compiling statistical, financial, accounting or audit reports and tables pertaining to such matters as cash receipts, expenditures, payable and receivable accounts, and profits and losses. performing related tasks; and. supervising, scheduling and monitoring the tasks of other workers."
431124,4311-24,Costing Assistant,4311,False,"Costing Assistant. compute, classify and record numerical data to keep complete financial records. They perform any combination of routine calculating, notification and verifying duties to obtain primary financial data for use in management of accounting records.. checking figures, notification and documents for correct information, mathematical accuracy and proper codes. operating computers programmed with accounting software to record, store, and analyse information. classifying, recording and summarising numerical and financial data to compile and keep financial records using journals and ledgers or computers. calculating, preparing and issuing bills, invoices, account statements and other financial statements according to established procedures. compiling statistical, financial, accounting or audit reports and tables pertaining to such matters as cash receipts, expenditures, payable and receivable accounts, and profits and losses. performing related tasks; and. supervising, scheduling and monitoring the tasks of other workers."
431125,4311-25,Accounting Assistant Grade W19,4311,False,"Accounting Assistant Grade W19. compute, classify and record numerical data to keep complete financial records. They perform any combination of routine calculating, notification and verifying duties to obtain primary financial data for use in management of accounting records.. checking figures, notification and documents for correct information, mathematical accuracy and proper codes. operating computers programmed with accounting software to record, store, and analyse information. classifying, recording and summarising numerical and financial data to compile and keep financial records using journals and ledgers or computers. calculating, preparing and issuing bills, invoices, account statements and other financial statements according to established procedures. compiling statistical, financial, accounting or audit reports and tables pertaining to such matters as cash receipts, expenditures, payable and receivable accounts, and profits and losses. performing related tasks; and. supervising, scheduling and monitoring the tasks of other workers."
431126,4311-26,AuditAssistant Grade W19,4311,False,"AuditAssistant Grade W19. compute, classify and record numerical data to keep complete financial records. They perform any combination of routine calculating, notification and verifying duties to obtain primary financial data for use in management of accounting records.. checking figures, notification and documents for correct information, mathematical accuracy and proper codes. operating computers programmed with accounting software to record, store, and analyse information. classifying, recording and summarising numerical and financial data to compile and keep financial records using journals and ledgers or computers. calculating, preparing and issuing bills, invoices, account statements and other financial statements according to established procedures. compiling statistical, financial, accounting or audit reports and tables pertaining to such matters as cash receipts, expenditures, payable and receivable accounts, and profits and losses. performing related tasks; and. supervising, scheduling and monitoring the tasks of other workers."
431127,4311-27,Administrative Assistant (Audit) Grade 21,4311,False,"Administrative Assistant (Audit) Grade 21. compute, classify and record numerical data to keep complete financial records. They perform any combination of routine calculating, notification and verifying duties to obtain primary financial data for use in management of accounting records.. checking figures, notification and documents for correct information, mathematical accuracy and proper codes. operating computers programmed with accounting software to record, store, and analyse information. classifying, recording and summarising numerical and financial data to compile and keep financial records using journals and ledgers or computers. calculating, preparing and issuing bills, invoices, account statements and other financial statements according to established procedures. compiling statistical, financial, accounting or audit reports and tables pertaining to such matters as cash receipts, expenditures, payable and receivable accounts, and profits and losses. performing related tasks; and. supervising, scheduling and monitoring the tasks of other workers."
431128,4311-28,Executive Assistant (Audit) Grade 3,4311,False,"Executive Assistant (Audit) Grade 3. compute, classify and record numerical data to keep complete financial records. They perform any combination of routine calculating, notification and verifying duties to obtain primary financial data for use in management of accounting records.. checking figures, notification and documents for correct information, mathematical accuracy and proper codes. operating computers programmed with accounting software to record, store, and analyse information. classifying, recording and summarising numerical and financial data to compile and keep financial records using journals and ledgers or computers. calculating, preparing and issuing bills, invoices, account statements and other financial statements according to established procedures. compiling statistical, financial, accounting or audit reports and tables pertaining to such matters as cash receipts, expenditures, payable and receivable accounts, and profits and losses. performing related tasks; and. supervising, scheduling and monitoring the tasks of other workers."
431129,4311-29,Financial Assistant,4311,False,"Financial Assistant. compute, classify and record numerical data to keep complete financial records. They perform any combination of routine calculating, notification and verifying duties to obtain primary financial data for use in management of accounting records.. checking figures, notification and documents for correct information, mathematical accuracy and proper codes. operating computers programmed with accounting software to record, store, and analyse information. classifying, recording and summarising numerical and financial data to compile and keep financial records using journals and ledgers or computers. calculating, preparing and issuing bills, invoices, account statements and other financial statements according to established procedures. compiling statistical, financial, accounting or audit reports and tables pertaining to such matters as cash receipts, expenditures, payable and receivable accounts, and profits and losses. performing related tasks; and. supervising, scheduling and monitoring the tasks of other workers."
431130,4311-30,Accounts Assistant,4311,False,"Accounts Assistant. compute, classify and record numerical data to keep complete financial records. They perform any combination of routine calculating, notification and verifying duties to obtain primary financial data for use in management of accounting records.. checking figures, notification and documents for correct information, mathematical accuracy and proper codes. operating computers programmed with accounting software to record, store, and analyse information. classifying, recording and summarising numerical and financial data to compile and keep financial records using journals and ledgers or computers. calculating, preparing and issuing bills, invoices, account statements and other financial statements according to established procedures. compiling statistical, financial, accounting or audit reports and tables pertaining to such matters as cash receipts, expenditures, payable and receivable accounts, and profits and losses. performing related tasks; and. supervising, scheduling and monitoring the tasks of other workers."
431131,4311-31,"Administrative Assistant, Auditing",4311,False,"Administrative Assistant, Auditing. compute, classify and record numerical data to keep complete financial records. They perform any combination of routine calculating, notification and verifying duties to obtain primary financial data for use in management of accounting records.. checking figures, notification and documents for correct information, mathematical accuracy and proper codes. operating computers programmed with accounting software to record, store, and analyse information. classifying, recording and summarising numerical and financial data to compile and keep financial records using journals and ledgers or computers. calculating, preparing and issuing bills, invoices, account statements and other financial statements according to established procedures. compiling statistical, financial, accounting or audit reports and tables pertaining to such matters as cash receipts, expenditures, payable and receivable accounts, and profits and losses. performing related tasks; and. supervising, scheduling and monitoring the tasks of other workers."
431132,4311-32,Energy Audit Assistant Technician,4311,False,"Energy Audit Assistant Technician. compute, classify and record numerical data to keep complete financial records. They perform any combination of routine calculating, notification and verifying duties to obtain primary financial data for use in management of accounting records.. checking figures, notification and documents for correct information, mathematical accuracy and proper codes. operating computers programmed with accounting software to record, store, and analyse information. classifying, recording and summarising numerical and financial data to compile and keep financial records using journals and ledgers or computers. calculating, preparing and issuing bills, invoices, account statements and other financial statements according to established procedures. compiling statistical, financial, accounting or audit reports and tables pertaining to such matters as cash receipts, expenditures, payable and receivable accounts, and profits and losses. performing related tasks; and. supervising, scheduling and monitoring the tasks of other workers."
431133,4311-33,Account Keeper Grade 14,4311,False,"Account Keeper Grade 14. compute, classify and record numerical data to keep complete financial records. They perform any combination of routine calculating, notification and verifying duties to obtain primary financial data for use in management of accounting records.. checking figures, notification and documents for correct information, mathematical accuracy and proper codes. operating computers programmed with accounting software to record, store, and analyse information. classifying, recording and summarising numerical and financial data to compile and keep financial records using journals and ledgers or computers. calculating, preparing and issuing bills, invoices, account statements and other financial statements according to established procedures. compiling statistical, financial, accounting or audit reports and tables pertaining to such matters as cash receipts, expenditures, payable and receivable accounts, and profits and losses. performing related tasks; and. supervising, scheduling and monitoring the tasks of other workers."
