resume_id,split,masco_code,masco_role_title,premerge_masco_code,sparsity_action,source_parent_role_id,target_esco_code,target_esco_title,previous_esco_codes,text,compose_text_format
10232,test,243121,Business Development Executive,243121,retained_granular_class,R04,2431.5,business developer,2431.5,"title business developer ; skills analysing business operations, identifying opportunities, developing professional relationships or networks ; duration 0.50 years || education master",prior ESCO title + top three ESCO skill groups + duration; latest education; latest target excluded
10436,test,254302,Graphic Designer,254302,retained_granular_class,R06,2166.9,graphic designer,3431.1;5132.1;2166.9,"title photographer ; skills operating audio-visual equipment, creating visual displays and decorations, creating artistic designs or performances ; duration 10.50 years || title bartender ; skills serving food and drinks, preparing food and drinks, selling products or services ; duration 2.50 years || title graphic designer ; skills creating artistic designs or performances, creating visual displays and decorations, using digital tools for processing sound and images ; duration 1.25 years || education no tertiary qualification",prior ESCO title + top three ESCO skill groups + duration; latest education; latest target excluded
104805,test,243136,Marketing Officer,243136,retained_granular_class,R04,2431.10.3,marketing assistant,2310.1.42;0210.2,"title university teaching assistant ; skills teaching academic or vocational subjects, developing instructive or promotional materials, conducting academic or market research ; duration 5.25 years || title sergeant ; skills maintaining and enforcing physical security, training on operational procedures, directing, supervising and coordinating projects ; duration 3.25 years || education bachelor",prior ESCO title + top three ESCO skill groups + duration; latest education; latest target excluded
111731,test,243135,Digital Marketing Executive,243107,merged_to_six_digit_curated_anchor,R04,2431.11,market research analyst,2431.10,"title marketing consultant ; skills developing financial, business or marketing plans, identifying opportunities, analysing business operations ; duration 2.25 years || education master",prior ESCO title + top three ESCO skill groups + duration; latest education; latest target excluded
136259,test,243135,Digital Marketing Executive,243135,retained_granular_class,R04,2431.10.4,online marketer,2432.4,"title intercultural communication consultant ; skills implementing new procedures or processes, advising and consulting, conducting academic or market research ; duration 6.25 years || education master",prior ESCO title + top three ESCO skill groups + duration; latest education; latest target excluded
137103,test,231109,Tutor,231109,retained_granular_class,R10,2359.9,further education teacher,5223.4;3343.5,"title sales assistant ; skills providing general assistance to people, executing financial transactions, selling products or services ; duration 3.25 years || title scopist ; skills writing and composing, technical or academic writing, entering and transforming information ; duration 0.50 years || education bachelor",prior ESCO title + top three ESCO skill groups + duration; latest education; latest target excluded
1405,test,242321,Talent Acquisition Consultant,242321,retained_granular_class,R03,2423.6,recruitment consultant,5230.1,"title cashier ; skills executing financial transactions, performing calculations, promoting products, services, or programs ; duration 5.25 years || education no tertiary qualification",prior ESCO title + top three ESCO skill groups + duration; latest education; latest target excluded
146217,test,412107,Secretary,412107,retained_granular_class,R09,4120.1,secretary,3433.3,"title taxidermist ; skills assembling and fabricating products, hunting, trapping and slaughtering animals, analysing scientific and medical data ; duration 0.50 years || education master",prior ESCO title + top three ESCO skill groups + duration; latest education; latest target excluded
156639,test,231109,Tutor,231109,retained_granular_class,R10,2359.14,tutor,2264.2,"title physiotherapist ; skills complying with health and safety procedures, providing medical advice, providing medical, dental and nursing care ; duration 5.00 years || education master",prior ESCO title + top three ESCO skill groups + duration; latest education; latest target excluded
188999,test,431110,Account and Promotion Clerk,431110,retained_granular_class,R07,4311.2,sales support assistant,2431.10.3,"title marketing assistant ; skills performing general clerical and administrative tasks, conducting academic or market research, technical or academic writing ; duration 0.75 years || education bachelor",prior ESCO title + top three ESCO skill groups + duration; latest education; latest target excluded
194801,test,412107,Secretary,412107,retained_granular_class,R09,4120.1,secretary,4211.2,"title post office counter clerk ; skills executing financial transactions, promoting products, services, or programs, selling products or services ; duration 3.25 years || education bachelor",prior ESCO title + top three ESCO skill groups + duration; latest education; latest target excluded
198110,test,431110,Account and Promotion Clerk,431110,retained_granular_class,R07,4311.2,sales support assistant,4419.2;2431.10.3;3343.1,"title foreign language correspondence clerk ; skills using foreign languages, performing general clerical and administrative tasks, translating and interpreting ; duration 1.50 years || title marketing assistant ; skills performing general clerical and administrative tasks, conducting academic or market research, technical or academic writing ; duration 0.50 years || title administrative assistant ; skills performing general clerical and administrative tasks, planning events and programmes, managing, gathering and storing digital data ; duration 0.50 years || education master",prior ESCO title + top three ESCO skill groups + duration; latest education; latest target excluded
205654,test,412107,Secretary,412107,retained_granular_class,R09,4120.1,secretary,1212.1,"title employee volunteering programme coordinator ; skills developing professional relationships or networks, promoting products, services, or programs, working in teams ; duration 3.50 years || education secondary school",prior ESCO title + top three ESCO skill groups + duration; latest education; latest target excluded
224425,test,242323,Human Resource Officer,242310,merged_to_six_digit_curated_anchor,R03,2423.4,labour relations officer,2422.12.15,"title social services policy officer ; skills advising on legal, regulatory or procedural matters, developing solutions, advocating for individual or community needs ; duration 14.50 years || education secondary school",prior ESCO title + top three ESCO skill groups + duration; latest education; latest target excluded
231182,test,412107,Secretary,412107,retained_granular_class,R09,4120.1,secretary,1341.1,"title child care coordinator ; skills caring for children, planning events and programmes, maintaining and enforcing physical security ; duration 0.50 years || education bachelor",prior ESCO title + top three ESCO skill groups + duration; latest education; latest target excluded
235788,test,231109,Tutor,231109,retained_granular_class,R10,2359.4,assessor of prior learning,3423.1;3343.2,"title activity leader ; skills planning events and programmes, caring for children, performing risk analysis and management ; duration 7.75 years || title editorial assistant ; skills gathering information from physical or electronic sources, analysing and evaluating information and data, presenting general information ; duration 3.75 years || education master",prior ESCO title + top three ESCO skill groups + duration; latest education; latest target excluded
237753,test,243110,Marketing Communications Specialist,243110,retained_granular_class,R04,2431.10,marketing consultant,1420.3,"title sales account manager ; skills promoting products, services, or programs, negotiating and managing contracts and agreements, maintaining operational records ; duration 0.50 years || education bachelor",prior ESCO title + top three ESCO skill groups + duration; latest education; latest target excluded
243206,test,412107,Secretary,412107,retained_granular_class,R09,4120.1,secretary,2653.2,"title dancer ; skills performing artistic or cultural activities, creating artistic designs or performances, working in teams ; duration 5.75 years || education bachelor",prior ESCO title + top three ESCO skill groups + duration; latest education; latest target excluded
249358,test,243121,Business Development Executive,243121,retained_granular_class,R04,2431.6,client relations manager,3431.2,"title photojournalist ; skills operating audio-visual equipment, developing professional relationships or networks, using digital tools for processing sound and images ; duration 8.50 years || education bachelor",prior ESCO title + top three ESCO skill groups + duration; latest education; latest target excluded
251407,test,242321,Talent Acquisition Consultant,242321,retained_granular_class,R03,2423.6,recruitment consultant,9112.2,"title building cleaner ; skills cleaning interior and exterior of buildings, cleaning, maintaining operational records ; duration 4.25 years || education no tertiary qualification",prior ESCO title + top three ESCO skill groups + duration; latest education; latest target excluded
259085,test,283303,Interpreter,283303,retained_granular_class,R05,2643.2,interpreter,5153.1.3,"title verger ; skills allocating and controlling physical resources, developing instructive or promotional materials, organising, planning and scheduling work and activities ; duration 3.50 years || education secondary school",prior ESCO title + top three ESCO skill groups + duration; latest education; latest target excluded
26015,test,431118,Billing Clerk,431118,retained_granular_class,R07,4311.1,billing clerk,4226.1.1;4412.1,"title front line medical receptionist ; skills complying with operational procedures, working in teams, performing general clerical and administrative tasks ; duration 3.50 years || title mail clerk ; skills maintaining operational records, collaborating and liaising, protecting privacy and personal data ; duration 1.25 years || education no tertiary qualification",prior ESCO title + top three ESCO skill groups + duration; latest education; latest target excluded
26289,test,412107,Secretary,412107,retained_granular_class,R09,4120.1,secretary,4132.1,"title data entry clerk ; skills managing, gathering and storing digital data, entering and transforming information, using word processing, publishing and presentation software ; duration 0.50 years || education secondary school",prior ESCO title + top three ESCO skill groups + duration; latest education; latest target excluded
275805,test,231109,Tutor,231109,retained_granular_class,R10,2359.7,e-learning developer,2330.1;2341.1,"title secondary school teacher ; skills teaching academic or vocational subjects, monitoring and evaluating the performance of individuals, teaching and training ; duration 0.50 years || title primary school teacher ; skills monitoring and evaluating the performance of individuals, coaching and mentoring, caring for children ; duration 1.25 years || education bachelor",prior ESCO title + top three ESCO skill groups + duration; latest education; latest target excluded
288730,test,254302,Graphic Designer,254302,retained_granular_class,R06,2166.9,graphic designer,3521.1.2,"title camera operator ; skills operating audio-visual equipment, creating artistic designs or performances, creating visual displays and decorations ; duration 6.75 years || education bachelor",prior ESCO title + top three ESCO skill groups + duration; latest education; latest target excluded
328640,test,231109,Tutor,231109,retained_granular_class,R10,2359.3,admissions coordinator,9622.1,title handyman ; duration 9.25 years || education master,prior ESCO title + top three ESCO skill groups + duration; latest education; latest target excluded
329932,test,283303,Interpreter,283303,retained_granular_class,R05,2643.2,interpreter,2643.6;1324.3.1.5,"title translator ; skills translating and interpreting, technical or academic writing, using foreign languages ; duration 2.00 years || title road transport division manager ; skills planning production processes, managing transport and logistics activities, supervising a team or group ; duration 0.75 years || education master",prior ESCO title + top three ESCO skill groups + duration; latest education; latest target excluded
333495,test,242321,Talent Acquisition Consultant,242321,retained_granular_class,R03,2423.6,recruitment consultant,2359.11;2652.2,"title learning mentor ; skills coaching and mentoring, collaborating and liaising, advising on educational or vocational matters ; duration 4.25 years || title music director ; skills composing music, planning events and programmes, performing artistic or cultural activities ; duration 3.25 years || education master",prior ESCO title + top three ESCO skill groups + duration; latest education; latest target excluded
336832,test,243135,Digital Marketing Executive,243135,retained_granular_class,R04,2431.10.4,online marketer,2432.5,"title online community manager ; skills developing financial, business or marketing plans, using digital tools for collaboration and productivity, analysing business operations ; duration 3.50 years || education bachelor",prior ESCO title + top three ESCO skill groups + duration; latest education; latest target excluded
348337,test,243135,Digital Marketing Executive,243135,retained_granular_class,R04,2431.10.4,online marketer,0210.2;3332.1;1111.1;3332.1,"title sergeant ; skills maintaining and enforcing physical security, training on operational procedures, directing, supervising and coordinating projects ; duration 6.25 years || title event assistant ; skills planning events and programmes, collaborating and liaising, directing operational activities ; duration 6.25 years || title city councillor ; skills developing professional relationships or networks, advocating for individual or community needs, advising on legal, regulatory or procedural matters ; duration 3.25 years || title event assistant ; skills planning events and programmes, collaborating and liaising, directing operational activities ; duration 1.25 years || education master",prior ESCO title + top three ESCO skill groups + duration; latest education; latest target excluded
349092,test,431110,Account and Promotion Clerk,431110,retained_granular_class,R07,4311.2,sales support assistant,3343.1;5223.5,"title administrative assistant ; skills performing general clerical and administrative tasks, planning events and programmes, managing, gathering and storing digital data ; duration 0.50 years || title sales processor ; skills managing, gathering and storing digital data, entering and transforming information, organising, planning and scheduling work and activities ; duration 0.50 years || education master",prior ESCO title + top three ESCO skill groups + duration; latest education; latest target excluded
355159,test,422207,Customer Contact Centre Information Clerk,422207,retained_granular_class,R08,4222.1,customer contact centre information clerk,5311.1.3,"title child day care worker ; skills providing support to resolve problems, caring for children, complying with operational procedures ; duration 5.25 years || education bachelor",prior ESCO title + top three ESCO skill groups + duration; latest education; latest target excluded
367092,test,243135,Digital Marketing Executive,243101,merged_to_six_digit_curated_anchor,R04,2431.7,creative director,2651.6,"title drawing artist ; skills creating artistic designs or performances, creating visual displays and decorations, developing instructive or promotional materials ; duration 5.50 years || education master",prior ESCO title + top three ESCO skill groups + duration; latest education; latest target excluded
379152,test,243121,Business Development Executive,243121,retained_granular_class,R04,2431.5,business developer,9333.8.1,"title warehouse order picker ; skills storing goods and materials, moving or lifting materials, equipment, or supplies, marking materials or objects for identification ; duration 3.25 years || education bachelor",prior ESCO title + top three ESCO skill groups + duration; latest education; latest target excluded
403570,test,254316,Digital Designer,254316,retained_granular_class,R06,2166.5,digital artist,2635.3.27,"title youth worker ; skills advocating for individual or community needs, complying with operational procedures, developing professional relationships or networks ; duration 1.50 years || education bachelor",prior ESCO title + top three ESCO skill groups + duration; latest education; latest target excluded
406243,test,422207,Customer Contact Centre Information Clerk,422207,retained_granular_class,R08,4222.1,customer contact centre information clerk,3343.1,"title administrative assistant ; skills performing general clerical and administrative tasks, planning events and programmes, managing, gathering and storing digital data ; duration 1.50 years || education bachelor",prior ESCO title + top three ESCO skill groups + duration; latest education; latest target excluded
415442,test,412107,Secretary,412107,retained_granular_class,R09,4120.1,secretary,5162.1,"title companion ; skills preparing food and drinks, cleaning interior and exterior of buildings, washing and maintaining textiles and clothing ; duration 7.75 years || education secondary school",prior ESCO title + top three ESCO skill groups + duration; latest education; latest target excluded
41785,test,254302,Graphic Designer,254302,retained_granular_class,R06,2166.9,graphic designer,2166.9,"title graphic designer ; skills creating artistic designs or performances, creating visual displays and decorations, using digital tools for processing sound and images ; duration 1.25 years || education no tertiary qualification",prior ESCO title + top three ESCO skill groups + duration; latest education; latest target excluded
427173,test,252403,Data Analyst,252418,merged_to_six_digit_curated_anchor,R02,2511.16,ICT system integration consultant,5249.2.2,"title rental service representative in personal and household goods ; skills selling products or services, executing financial transactions, advising on products and services ; duration 13.75 years || education bachelor",prior ESCO title + top three ESCO skill groups + duration; latest education; latest target excluded
444439,test,254302,Graphic Designer,254302,retained_granular_class,R06,2166.9,graphic designer,2166.9,"title graphic designer ; skills creating artistic designs or performances, creating visual displays and decorations, using digital tools for processing sound and images ; duration 1.25 years || education master",prior ESCO title + top three ESCO skill groups + duration; latest education; latest target excluded
50715,test,283302,Translator,283307,merged_to_six_digit_curated_anchor,R05,2643.6.2,subtitler,2642.1.7;9334.1,"title critic ; skills developing professional relationships or networks, writing and composing, gathering information from physical or electronic sources ; duration 3.75 years || title shelf filler ; skills complying with health and safety procedures, marking materials or objects for identification, storing goods and materials ; duration 3.75 years || education master",prior ESCO title + top three ESCO skill groups + duration; latest education; latest target excluded
62903,test,242323,Human Resource Officer,242307,merged_to_six_digit_curated_anchor,R03,2423.2,employment and vocational integration consultant,2635.3.27,"title youth worker ; skills advocating for individual or community needs, complying with operational procedures, developing professional relationships or networks ; duration 3.75 years || education bachelor",prior ESCO title + top three ESCO skill groups + duration; latest education; latest target excluded
72634,test,254316,Digital Designer,254316,retained_granular_class,R06,2166.7,digital media designer,4221.6,"title tour organiser ; skills developing professional relationships or networks, promoting products, services, or programs, planning events and programmes ; duration 4.75 years || education master",prior ESCO title + top three ESCO skill groups + duration; latest education; latest target excluded
89414,test,412107,Secretary,412107,retained_granular_class,R09,4120.1,secretary,4311.1,"title billing clerk ; skills preparing financial documents, records, reports, or budgets, executing financial transactions, performing general clerical and administrative tasks ; duration 0.50 years || education bachelor",prior ESCO title + top three ESCO skill groups + duration; latest education; latest target excluded
94079,test,243136,Marketing Officer,243136,retained_granular_class,R04,2431.10.3,marketing assistant,1222.1,"title communication manager ; skills developing professional relationships or networks, advising and consulting, using digital tools for collaboration and productivity ; duration 1.25 years || education bachelor",prior ESCO title + top three ESCO skill groups + duration; latest education; latest target excluded
100888,train,283302,Translator,283302,retained_granular_class,R05,2643.6,translator,2310.1.5,"title assistant lecturer ; skills conducting academic or market research, teaching academic or vocational subjects, teaching and training ; duration 2.75 years || education master",prior ESCO title + top three ESCO skill groups + duration; latest education; latest target excluded
100934,train,252416,Business Data Analyst,252416,retained_granular_class,R02,2511.9,ICT business analyst,1213.5;1211.1.1;2411.1;2411.1.8,"title 1213.5 ; duration 3.00 years || title accounting manager ; skills managing budgets or finances, analysing financial and economic data, monitoring financial and economic resources and activity ; duration 0.50 years || title accountant ; skills managing budgets or finances, preparing financial documents, records, reports, or budgets, analysing financial and economic data ; duration 0.50 years || title financial controller ; skills managing budgets or finances, preparing financial documents, records, reports, or budgets, analysing financial and economic data ; duration 0.50 years || education phd",prior ESCO title + top three ESCO skill groups + duration; latest education; latest target excluded
101958,train,254309,Character Designer,254309,retained_granular_class,R06,2166.2,animation layout artist,2166.10,"title illustrator ; skills collaborating and liaising, creating artistic designs or performances, analysing and evaluating information and data ; duration 1.50 years || education master",prior ESCO title + top three ESCO skill groups + duration; latest education; latest target excluded
102089,train,243136,Marketing Officer,243136,retained_granular_class,R04,2431.10.3,marketing assistant,3343.1,"title administrative assistant ; skills performing general clerical and administrative tasks, planning events and programmes, managing, gathering and storing digital data ; duration 2.25 years || education master",prior ESCO title + top three ESCO skill groups + duration; latest education; latest target excluded
102156,train,412107,Secretary,412107,retained_granular_class,R09,4120.1,secretary,3341.7,"title office manager ; skills performing general clerical and administrative tasks, managing and administering human resources, giving instructions ; duration 8.25 years || education secondary school",prior ESCO title + top three ESCO skill groups + duration; latest education; latest target excluded
104105,train,243121,Business Development Executive,243121,retained_granular_class,R04,2431.5,business developer,2359.7,"title e-learning developer ; skills developing educational programmes, managing information, using digital tools for collaboration and productivity ; duration 4.50 years || education master",prior ESCO title + top three ESCO skill groups + duration; latest education; latest target excluded
105569,train,412107,Secretary,412107,retained_granular_class,R09,4120.1,secretary,2330.1.15;3422.3.1,"title physical education teacher secondary school ; skills monitoring and evaluating the performance of individuals, teaching and training, collaborating and liaising ; duration 1.25 years || title football coach ; skills coaching and mentoring, practising sports, supervising a team or group ; duration 1.75 years || education bachelor",prior ESCO title + top three ESCO skill groups + duration; latest education; latest target excluded
105884,train,243135,Digital Marketing Executive,243135,retained_granular_class,R04,2431.10.4,online marketer,1349.14,"title front of house manager ; skills supervising a team or group, complying with health and safety procedures, maintaining and enforcing physical security ; duration 6.25 years || education bachelor",prior ESCO title + top three ESCO skill groups + duration; latest education; latest target excluded
106207,train,242321,Talent Acquisition Consultant,242321,retained_granular_class,R03,2423.6,recruitment consultant,2423.6,"title recruitment consultant ; skills protecting privacy and personal data, recruiting and hiring, developing professional relationships or networks ; duration 1.25 years || education bachelor",prior ESCO title + top three ESCO skill groups + duration; latest education; latest target excluded
106798,train,431110,Account and Promotion Clerk,431110,retained_granular_class,R07,4311.2,sales support assistant,2431.6,"title client relations manager ; skills developing professional relationships or networks, analysing business operations, directing operational activities ; duration 1.25 years || education secondary school",prior ESCO title + top three ESCO skill groups + duration; latest education; latest target excluded
107156,train,243135,Digital Marketing Executive,243101,merged_to_six_digit_curated_anchor,R04,2431.1,advertising copywriter,1219.6;2431.10.4,"title project manager ; skills planning events and programmes, allocating and controlling physical resources, technical or academic writing ; duration 1.75 years || title online marketer ; skills promoting products, services, or programs, developing financial, business or marketing plans, using digital tools for collaboration and productivity ; duration 1.25 years || education no tertiary qualification",prior ESCO title + top three ESCO skill groups + duration; latest education; latest target excluded
107685,train,231109,Tutor,231109,retained_granular_class,R10,2359.1,academic advisor,1219.6,"title project manager ; skills planning events and programmes, allocating and controlling physical resources, technical or academic writing ; duration 3.25 years || education bachelor",prior ESCO title + top three ESCO skill groups + duration; latest education; latest target excluded
107701,train,242323,Human Resource Officer,242309,merged_to_six_digit_curated_anchor,R03,2423.1,career guidance advisor,5164.2.1.2,"title horse trainer ; skills training animals, tending and breeding animals, advising on products and services ; duration 1.75 years || education bachelor",prior ESCO title + top three ESCO skill groups + duration; latest education; latest target excluded
107806,train,252403,Data Analyst,252406,merged_to_six_digit_curated_anchor,R02,2511.6,enterprise architect,1221.4,"title commercial director ; skills developing professional relationships or networks, supervising a team or group, promoting products, services, or programs ; duration 1.75 years || education master",prior ESCO title + top three ESCO skill groups + duration; latest education; latest target excluded
108025,train,431110,Account and Promotion Clerk,431110,retained_granular_class,R07,4311.2,sales support assistant,5223.5,"title sales processor ; skills managing, gathering and storing digital data, entering and transforming information, organising, planning and scheduling work and activities ; duration 1.25 years || education secondary school",prior ESCO title + top three ESCO skill groups + duration; latest education; latest target excluded
108052,train,412107,Secretary,412107,retained_granular_class,R09,4120.1,secretary,5242.1,"title promotions demonstrator ; skills promoting products, services, or programs, selling products or services, developing professional relationships or networks ; duration 6.75 years || education secondary school",prior ESCO title + top three ESCO skill groups + duration; latest education; latest target excluded
108680,train,242321,Talent Acquisition Consultant,242321,retained_granular_class,R03,2423.6,recruitment consultant,1412.1,"title restaurant manager ; skills monitoring operational activities, serving food and drinks, developing recipes or menus ; duration 2.25 years || education bachelor",prior ESCO title + top three ESCO skill groups + duration; latest education; latest target excluded
109327,train,243135,Digital Marketing Executive,243135,retained_granular_class,R04,2431.10.4,online marketer,2166.7,"title digital media designer ; skills managing, gathering and storing digital data, using digital tools for processing sound and images, using digital tools for collaboration and productivity ; duration 0.50 years || education bachelor",prior ESCO title + top three ESCO skill groups + duration; latest education; latest target excluded
110845,train,422207,Customer Contact Centre Information Clerk,422207,retained_granular_class,R08,4222.1,customer contact centre information clerk,3512.1;3512.1,"title ict help desk agent ; skills planning events and programmes, providing general assistance to people, resolving computer problems ; duration 1.25 years || title ict help desk agent ; skills planning events and programmes, providing general assistance to people, resolving computer problems ; duration 1.75 years || education secondary school",prior ESCO title + top three ESCO skill groups + duration; latest education; latest target excluded
112388,train,431110,Account and Promotion Clerk,431110,retained_granular_class,R07,4311.2,sales support assistant,4120.1,"title secretary ; skills performing general clerical and administrative tasks, managing, gathering and storing digital data, communicating with colleagues and clients ; duration 1.25 years || education secondary school",prior ESCO title + top three ESCO skill groups + duration; latest education; latest target excluded
112962,train,243121,Business Development Executive,243121,retained_granular_class,R04,2431.5,business developer,2433.2;4222.1,"title medical sales representative ; skills providing medical advice, planning events and programmes, developing financial, business or marketing plans ; duration 4.75 years || title customer contact centre information clerk ; skills developing professional relationships or networks, providing general assistance to people, providing information to the public and clients ; duration 2.75 years || education bachelor",prior ESCO title + top three ESCO skill groups + duration; latest education; latest target excluded
11337,train,431110,Account and Promotion Clerk,431110,retained_granular_class,R07,4311.2,sales support assistant,3313.2,"title bookkeeper ; skills preparing financial documents, records, reports, or budgets, executing financial transactions, managing budgets or finances ; duration 0.50 years || education bachelor",prior ESCO title + top three ESCO skill groups + duration; latest education; latest target excluded
114121,train,254302,Graphic Designer,254302,retained_granular_class,R06,2166.9,graphic designer,7316.1,"title decorative painter ; skills creating artistic designs or performances, creating artistic, visual or instructive materials, creating visual displays and decorations ; duration 8.75 years || education bachelor",prior ESCO title + top three ESCO skill groups + duration; latest education; latest target excluded
114665,train,242321,Talent Acquisition Consultant,242321,retained_granular_class,R03,2423.6,recruitment consultant,3343.1,"title administrative assistant ; skills performing general clerical and administrative tasks, planning events and programmes, managing, gathering and storing digital data ; duration 1.25 years || education secondary school",prior ESCO title + top three ESCO skill groups + duration; latest education; latest target excluded
115616,train,254309,Character Designer,254309,retained_granular_class,R06,2166.14,stop-motion animator,2166.14,"title stop-motion animator ; skills operating audio-visual equipment, conducting academic or market research, organising, planning and scheduling work and activities ; duration 1.25 years || education secondary school",prior ESCO title + top three ESCO skill groups + duration; latest education; latest target excluded
115679,train,231109,Tutor,231109,retained_granular_class,R10,2359.14,tutor,2352.1;2352.1.6,"title special educational needs teacher ; skills caring for children, coaching and mentoring, monitoring and evaluating the performance of individuals ; duration 0.75 years || title special educational needs teacher secondary school ; skills monitoring and evaluating the performance of individuals, teaching and training, collaborating and liaising ; duration 0.50 years || education bachelor",prior ESCO title + top three ESCO skill groups + duration; latest education; latest target excluded
115976,train,243121,Business Development Executive,243121,retained_granular_class,R04,2431.6,client relations manager,5244.1,"title call centre agent ; skills developing solutions, providing general assistance to people, listening and asking questions ; duration 0.50 years || education no tertiary qualification",prior ESCO title + top three ESCO skill groups + duration; latest education; latest target excluded
117366,train,431110,Account and Promotion Clerk,431110,retained_granular_class,R07,4311.2,sales support assistant,7231.6,"title roadside vehicle technician ; skills repairing and installing mechanical equipment, developing professional relationships or networks, maintaining operational records ; duration 0.50 years || education bachelor",prior ESCO title + top three ESCO skill groups + duration; latest education; latest target excluded
118122,train,243121,Business Development Executive,243121,retained_granular_class,R04,2431.6,client relations manager,5223.6,"title shop assistant ; skills executing financial transactions, selling products or services, packaging objects ; duration 1.25 years || education bachelor",prior ESCO title + top three ESCO skill groups + duration; latest education; latest target excluded
11904,train,431118,Billing Clerk,431118,retained_granular_class,R07,4311.1,billing clerk,1349.6,"title book publisher ; skills developing professional relationships or networks, analysing and evaluating information and data, technical or academic writing ; duration 2.50 years || education secondary school",prior ESCO title + top three ESCO skill groups + duration; latest education; latest target excluded
120860,train,422207,Customer Contact Centre Information Clerk,422207,retained_granular_class,R08,4222.1,customer contact centre information clerk,3343.1.7,"title supply chain assistant ; skills performing general clerical and administrative tasks, analysing business operations, monitoring operational activities ; duration 1.25 years || education bachelor",prior ESCO title + top three ESCO skill groups + duration; latest education; latest target excluded
121811,train,242321,Talent Acquisition Consultant,242321,retained_granular_class,R03,2423.6,recruitment consultant,5223.4;3343.1.7,"title sales assistant ; skills providing general assistance to people, executing financial transactions, selling products or services ; duration 1.50 years || title supply chain assistant ; skills performing general clerical and administrative tasks, analysing business operations, monitoring operational activities ; duration 0.50 years || education no tertiary qualification",prior ESCO title + top three ESCO skill groups + duration; latest education; latest target excluded
123671,train,252403,Data Analyst,252418,merged_to_six_digit_curated_anchor,R02,2511.16,ICT system integration consultant,1324.3.1.5,"title road transport division manager ; skills planning production processes, managing transport and logistics activities, supervising a team or group ; duration 4.25 years || education bachelor",prior ESCO title + top three ESCO skill groups + duration; latest education; latest target excluded
123719,train,243121,Business Development Executive,243121,retained_granular_class,R04,2431.6,client relations manager,2433.1,"title after-sales service technician ; skills promoting products, services, or programs, providing general assistance to people, developing solutions ; duration 1.25 years || education secondary school",prior ESCO title + top three ESCO skill groups + duration; latest education; latest target excluded
126744,train,412107,Secretary,412107,retained_granular_class,R09,4120.1,secretary,2431.6,"title client relations manager ; skills developing professional relationships or networks, analysing business operations, directing operational activities ; duration 16.25 years || education bachelor",prior ESCO title + top three ESCO skill groups + duration; latest education; latest target excluded
127253,train,243135,Digital Marketing Executive,243135,retained_granular_class,R04,2431.10.4,online marketer,5131.2;3422.4.1;2431.1,"title waiter/waitress ; skills serving food and drinks, preparing food and drinks, advising on products and services ; duration 3.50 years || title boxing instructor ; skills monitoring and evaluating the performance of individuals, practising sports, diagnosing health conditions ; duration 2.50 years || title advertising copywriter ; skills conducting academic or market research, using digital tools for collaboration and productivity, writing and composing ; duration 0.50 years || education no tertiary qualification",prior ESCO title + top three ESCO skill groups + duration; latest education; latest target excluded
127477,train,251201,Software Developer,251201,retained_granular_class,R01,2512.4,software developer,2330.1.9,"title ict teacher secondary school ; skills monitoring and evaluating the performance of individuals, teaching and training, developing instructive or promotional materials ; duration 1.25 years || education master",prior ESCO title + top three ESCO skill groups + duration; latest education; latest target excluded
128679,train,283303,Interpreter,283303,retained_granular_class,R05,2643.2,interpreter,2659.2.3;7215.1.1,"title puppeteer ; skills performing artistic or cultural activities, creating artistic designs or performances, working in teams ; duration 7.50 years || title stagehand ; skills complying with health and safety procedures, building and repairing structures, creating visual displays and decorations ; duration 2.50 years || education master",prior ESCO title + top three ESCO skill groups + duration; latest education; latest target excluded
130409,train,243136,Marketing Officer,243136,retained_granular_class,R04,2431.10.3,marketing assistant,3423.1;5131.1;2631.2.3;9629.7,"title activity leader ; skills planning events and programmes, caring for children, performing risk analysis and management ; duration 10.50 years || title restaurant host/restaurant hostess ; skills accompanying and welcoming people, advising on products and services, promoting products, services, or programs ; duration 10.50 years || title economic development coordinator ; skills developing professional relationships or networks, advising on legal, regulatory or procedural matters, collaborating and liaising ; duration 6.50 years || title usher ; skills accompanying and welcoming people, maintaining and enforcing physical security, providing information to the public and clients ; duration 4.25 years || education master",prior ESCO title + top three ESCO skill groups + duration; latest education; latest target excluded
130696,train,242321,Talent Acquisition Consultant,242321,retained_granular_class,R03,2423.6,recruitment consultant,5112.3.1,"title passenger fare controller ; skills accompanying and welcoming people, executing financial transactions, providing information to the public and clients ; duration 1.50 years || education secondary school",prior ESCO title + top three ESCO skill groups + duration; latest education; latest target excluded
133445,train,243110,Marketing Communications Specialist,243110,retained_granular_class,R04,2431.10,marketing consultant,2166.7,"title digital media designer ; skills managing, gathering and storing digital data, using digital tools for processing sound and images, using digital tools for collaboration and productivity ; duration 11.50 years || education secondary school",prior ESCO title + top three ESCO skill groups + duration; latest education; latest target excluded
133921,train,243135,Digital Marketing Executive,243114,merged_to_six_digit_curated_anchor,R04,2431.15,product and services manager,1412.1,"title restaurant manager ; skills monitoring operational activities, serving food and drinks, developing recipes or menus ; duration 3.25 years || education bachelor",prior ESCO title + top three ESCO skill groups + duration; latest education; latest target excluded
134462,train,251201,Software Developer,251206,merged_to_six_digit_curated_anchor,R01,2512.5,user interface developer,2166.9,"title graphic designer ; skills creating artistic designs or performances, creating visual displays and decorations, using digital tools for processing sound and images ; duration 9.50 years || education bachelor",prior ESCO title + top three ESCO skill groups + duration; latest education; latest target excluded
134815,train,412107,Secretary,412107,retained_granular_class,R09,4120.1,secretary,2341.1;2341.1,"title primary school teacher ; skills monitoring and evaluating the performance of individuals, coaching and mentoring, caring for children ; duration 1.25 years || title primary school teacher ; skills monitoring and evaluating the performance of individuals, coaching and mentoring, caring for children ; duration 0.50 years || education bachelor",prior ESCO title + top three ESCO skill groups + duration; latest education; latest target excluded
135330,train,243136,Marketing Officer,243136,retained_granular_class,R04,2431.10.3,marketing assistant,2431.10.3;2635.3.18;5152.2.1;5223.4,"title marketing assistant ; skills performing general clerical and administrative tasks, conducting academic or market research, technical or academic writing ; duration 3.25 years || title migrant social worker ; skills advocating for individual or community needs, complying with operational procedures, developing professional relationships or networks ; duration 3.25 years || title domestic butler ; skills serving food and drinks, directing operational activities, accompanying and welcoming people ; duration 3.25 years || title sales assistant ; skills providing general assistance to people, executing financial transactions, selling products or services ; duration 3.25 years || education bachelor",prior ESCO title + top three ESCO skill groups + duration; latest education; latest target excluded
136911,train,251201,Software Developer,251201,retained_granular_class,R01,2512.4,software developer,2642.1.5,"title copy editor ; skills technical or academic writing, collaborating and liaising, gathering information from physical or electronic sources ; duration 2.50 years || education master",prior ESCO title + top three ESCO skill groups + duration; latest education; latest target excluded
137276,train,254302,Graphic Designer,254302,retained_granular_class,R06,2166.9,graphic designer,2166.7,"title digital media designer ; skills managing, gathering and storing digital data, using digital tools for processing sound and images, using digital tools for collaboration and productivity ; duration 4.25 years || education no tertiary qualification",prior ESCO title + top three ESCO skill groups + duration; latest education; latest target excluded
138449,train,431110,Account and Promotion Clerk,431110,retained_granular_class,R07,4311.2,sales support assistant,5223.5,"title sales processor ; skills managing, gathering and storing digital data, entering and transforming information, organising, planning and scheduling work and activities ; duration 5.50 years || education bachelor",prior ESCO title + top three ESCO skill groups + duration; latest education; latest target excluded
138627,train,254316,Digital Designer,254316,retained_granular_class,R06,2166.7,digital media designer,2149.16,"title test engineer ; skills installing wooden and metal components, conducting academic or market research, technical or academic writing ; duration 1.25 years || education secondary school",prior ESCO title + top three ESCO skill groups + duration; latest education; latest target excluded
140119,train,422207,Customer Contact Centre Information Clerk,422207,retained_granular_class,R08,4222.1,customer contact centre information clerk,9411.2,"title quick service restaurant crew member ; skills preparing food and drinks, selling products or services, executing financial transactions ; duration 2.25 years || education secondary school",prior ESCO title + top three ESCO skill groups + duration; latest education; latest target excluded
140563,train,243136,Marketing Officer,243136,retained_granular_class,R04,2431.10.3,marketing assistant,5131.1,"title restaurant host/restaurant hostess ; skills accompanying and welcoming people, advising on products and services, promoting products, services, or programs ; duration 4.25 years || education master",prior ESCO title + top three ESCO skill groups + duration; latest education; latest target excluded
140962,train,254302,Graphic Designer,254302,retained_granular_class,R06,2166.9,graphic designer,3332.1;7215.4,"title event assistant ; skills planning events and programmes, collaborating and liaising, directing operational activities ; duration 4.75 years || title tent installer ; skills complying with health and safety procedures, storing goods and materials, installing and repairing electrical, electronic and precision equipment ; duration 4.75 years || education master",prior ESCO title + top three ESCO skill groups + duration; latest education; latest target excluded
141100,train,243135,Digital Marketing Executive,243135,retained_granular_class,R04,2431.10.4,online marketer,5242.1;2431.10.3,"title promotions demonstrator ; skills promoting products, services, or programs, selling products or services, developing professional relationships or networks ; duration 7.25 years || title marketing assistant ; skills performing general clerical and administrative tasks, conducting academic or market research, technical or academic writing ; duration 2.25 years || education master",prior ESCO title + top three ESCO skill groups + duration; latest education; latest target excluded
141132,train,254302,Graphic Designer,254302,retained_granular_class,R06,2166.9,graphic designer,2166.9,"title graphic designer ; skills creating artistic designs or performances, creating visual displays and decorations, using digital tools for processing sound and images ; duration 2.00 years || education bachelor",prior ESCO title + top three ESCO skill groups + duration; latest education; latest target excluded
141438,train,431110,Account and Promotion Clerk,431110,retained_granular_class,R07,4311.2,sales support assistant,4225.1,"title customer service representative ; skills entering and transforming information, planning events and programmes, providing general assistance to people ; duration 1.75 years || education secondary school",prior ESCO title + top three ESCO skill groups + duration; latest education; latest target excluded
144841,train,242321,Talent Acquisition Consultant,242321,retained_granular_class,R03,2423.6,recruitment consultant,4416.1;2635.3.15;3412.4.12,"title human resources assistant ; skills complying with operational procedures, planning events and programmes, monitoring and evaluating the performance of individuals ; duration 6.25 years || title homelessness worker ; skills advocating for individual or community needs, developing professional relationships or networks, complying with operational procedures ; duration 0.50 years || title residential home older adult care worker ; skills providing support to resolve problems, complying with operational procedures, assisting with personal needs ; duration 0.50 years || education bachelor",prior ESCO title + top three ESCO skill groups + duration; latest education; latest target excluded
145034,train,242321,Talent Acquisition Consultant,242321,retained_granular_class,R03,2423.6,recruitment consultant,3343.1.6,"title project support officer ; skills preparing financial documents, records, reports, or budgets, maintaining operational records, directing, supervising and coordinating projects ; duration 2.25 years || education no tertiary qualification",prior ESCO title + top three ESCO skill groups + duration; latest education; latest target excluded
147300,train,231109,Tutor,231109,retained_granular_class,R10,2359.6,e-learning architect,2149.2,"title application engineer ; skills programming computer systems, developing operational policies and procedures, conducting academic or market research ; duration 3.75 years || education master",prior ESCO title + top three ESCO skill groups + duration; latest education; latest target excluded
147446,train,231109,Tutor,231109,retained_granular_class,R10,2359.11,learning mentor,2310.1.41;2166.14,"title university research assistant ; skills conducting academic or market research, technical or academic writing, teaching academic or vocational subjects ; duration 5.25 years || title stop-motion animator ; skills operating audio-visual equipment, conducting academic or market research, organising, planning and scheduling work and activities ; duration 2.25 years || education master",prior ESCO title + top three ESCO skill groups + duration; latest education; latest target excluded
149221,train,254302,Graphic Designer,254308,merged_to_six_digit_curated_anchor,R06,2166.10,illustrator,2166.10,"title illustrator ; skills collaborating and liaising, creating artistic designs or performances, analysing and evaluating information and data ; duration 4.50 years || education master",prior ESCO title + top three ESCO skill groups + duration; latest education; latest target excluded
14998,train,412107,Secretary,412107,retained_granular_class,R09,4120.1,secretary,5223.4,"title sales assistant ; skills providing general assistance to people, executing financial transactions, selling products or services ; duration 0.50 years || education master",prior ESCO title + top three ESCO skill groups + duration; latest education; latest target excluded
150308,train,243110,Marketing Communications Specialist,243110,retained_granular_class,R04,2431.10,marketing consultant,5131.2,"title waiter/waitress ; skills serving food and drinks, preparing food and drinks, advising on products and services ; duration 1.25 years || education master",prior ESCO title + top three ESCO skill groups + duration; latest education; latest target excluded
15098,train,431110,Account and Promotion Clerk,431110,retained_granular_class,R07,4311.2,sales support assistant,2512.5,"title user interface developer ; skills programming computer systems, designing ict systems or applications, creating visual displays and decorations ; duration 2.00 years || education master",prior ESCO title + top three ESCO skill groups + duration; latest education; latest target excluded
153193,train,243135,Digital Marketing Executive,243108,merged_to_six_digit_curated_anchor,R04,2431.14,pricing specialist,4225.1,"title customer service representative ; skills entering and transforming information, planning events and programmes, providing general assistance to people ; duration 3.25 years || education no tertiary qualification",prior ESCO title + top three ESCO skill groups + duration; latest education; latest target excluded
154463,train,243136,Marketing Officer,243136,retained_granular_class,R04,2431.10.3,marketing assistant,5131.2;5131.1,"title waiter/waitress ; skills serving food and drinks, preparing food and drinks, advising on products and services ; duration 3.00 years || title restaurant host/restaurant hostess ; skills accompanying and welcoming people, advising on products and services, promoting products, services, or programs ; duration 2.00 years || education bachelor",prior ESCO title + top three ESCO skill groups + duration; latest education; latest target excluded
155020,train,283302,Translator,283304,merged_to_six_digit_curated_anchor,R05,2643.4,linguist,3422.3.1,"title football coach ; skills coaching and mentoring, practising sports, supervising a team or group ; duration 7.25 years || education bachelor",prior ESCO title + top three ESCO skill groups + duration; latest education; latest target excluded
156030,train,243121,Business Development Executive,243121,retained_granular_class,R04,2431.6,client relations manager,2421.1,"title business analyst ; skills analysing business operations, analysing financial and economic data, conducting academic or market research ; duration 1.25 years || education master",prior ESCO title + top three ESCO skill groups + duration; latest education; latest target excluded
158718,train,243135,Digital Marketing Executive,243135,retained_granular_class,R04,2431.10.4,online marketer,5111.2.3,"title train attendant ; skills accompanying and welcoming people, promoting products, services, or programs, conducting academic or market research ; duration 1.75 years || education bachelor",prior ESCO title + top three ESCO skill groups + duration; latest education; latest target excluded
159651,train,254302,Graphic Designer,254306,merged_to_six_digit_curated_anchor,R06,2166.4,desktop publisher,3343.2,"title editorial assistant ; skills gathering information from physical or electronic sources, analysing and evaluating information and data, presenting general information ; duration 7.25 years || education bachelor",prior ESCO title + top three ESCO skill groups + duration; latest education; latest target excluded
161003,train,422207,Customer Contact Centre Information Clerk,422207,retained_granular_class,R08,4222.1,customer contact centre information clerk,4222.1.1,"title live chat operator ; skills developing solutions, entering and transforming information, providing general assistance to people ; duration 9.50 years || education bachelor",prior ESCO title + top three ESCO skill groups + duration; latest education; latest target excluded
161761,train,431110,Account and Promotion Clerk,431110,retained_granular_class,R07,4311.2,sales support assistant,4311.2,"title sales support assistant ; skills performing general clerical and administrative tasks, preparing financial documents, records, reports, or budgets, analysing business operations ; duration 3.25 years || education secondary school",prior ESCO title + top three ESCO skill groups + duration; latest education; latest target excluded
161852,train,422207,Customer Contact Centre Information Clerk,422207,retained_granular_class,R08,4222.1,customer contact centre information clerk,3343.1,"title administrative assistant ; skills performing general clerical and administrative tasks, planning events and programmes, managing, gathering and storing digital data ; duration 3.25 years || education no tertiary qualification",prior ESCO title + top three ESCO skill groups + duration; latest education; latest target excluded
162677,train,243136,Marketing Officer,243136,retained_granular_class,R04,2431.10.3,marketing assistant,9333.8.1,"title warehouse order picker ; skills storing goods and materials, moving or lifting materials, equipment, or supplies, marking materials or objects for identification ; duration 6.25 years || education master",prior ESCO title + top three ESCO skill groups + duration; latest education; latest target excluded
163798,train,242323,Human Resource Officer,242323,retained_granular_class,R03,2423.3,human resources officer,3343.4,"title management assistant ; skills performing general clerical and administrative tasks, communicating with colleagues and clients, technical or academic writing ; duration 13.50 years || education master",prior ESCO title + top three ESCO skill groups + duration; latest education; latest target excluded
164153,train,251201,Software Developer,251206,merged_to_six_digit_curated_anchor,R01,2512.5,user interface developer,2432.5,"title online community manager ; skills developing financial, business or marketing plans, using digital tools for collaboration and productivity, analysing business operations ; duration 2.25 years || education no tertiary qualification",prior ESCO title + top three ESCO skill groups + duration; latest education; latest target excluded
165610,train,243135,Digital Marketing Executive,243123,merged_to_six_digit_curated_anchor,R04,2431.4,brand manager,2330.1.18;2431.10.4,"title science teacher secondary school ; skills monitoring and evaluating the performance of individuals, teaching and training, coaching and mentoring ; duration 1.25 years || title online marketer ; skills promoting products, services, or programs, developing financial, business or marketing plans, using digital tools for collaboration and productivity ; duration 1.25 years || education master",prior ESCO title + top three ESCO skill groups + duration; latest education; latest target excluded
166040,train,422207,Customer Contact Centre Information Clerk,422207,retained_granular_class,R08,4222.1,customer contact centre information clerk,3343.1;3412.4.13,"title administrative assistant ; skills performing general clerical and administrative tasks, planning events and programmes, managing, gathering and storing digital data ; duration 1.50 years || title residential home young people care worker ; skills providing support to resolve problems, complying with operational procedures, assisting with personal needs ; duration 0.50 years || education bachelor",prior ESCO title + top three ESCO skill groups + duration; latest education; latest target excluded
166179,train,242321,Talent Acquisition Consultant,242321,retained_granular_class,R03,2423.6,recruitment consultant,5142.4;4416.1,"title make-up and hair designer ; skills creating artistic designs or performances, complying with health and safety procedures, conducting academic or market research ; duration 4.50 years || title human resources assistant ; skills complying with operational procedures, planning events and programmes, monitoring and evaluating the performance of individuals ; duration 1.25 years || education no tertiary qualification",prior ESCO title + top three ESCO skill groups + duration; latest education; latest target excluded
166181,train,283303,Interpreter,283303,retained_granular_class,R05,2643.2,interpreter,2643.2;2643.6,"title interpreter ; skills translating and interpreting, technical or academic writing, using foreign languages ; duration 1.00 years || title translator ; skills translating and interpreting, technical or academic writing, using foreign languages ; duration 1.25 years || education master",prior ESCO title + top three ESCO skill groups + duration; latest education; latest target excluded
166503,train,431110,Account and Promotion Clerk,431110,retained_granular_class,R07,4311.2,sales support assistant,5223.5,"title sales processor ; skills managing, gathering and storing digital data, entering and transforming information, organising, planning and scheduling work and activities ; duration 4.50 years || education secondary school",prior ESCO title + top three ESCO skill groups + duration; latest education; latest target excluded
168785,train,243136,Marketing Officer,243136,retained_granular_class,R04,2431.10.3,marketing assistant,5131.2,"title waiter/waitress ; skills serving food and drinks, preparing food and drinks, advising on products and services ; duration 3.25 years || education bachelor",prior ESCO title + top three ESCO skill groups + duration; latest education; latest target excluded
169593,train,283302,Translator,283302,retained_granular_class,R05,2643.6,translator,2310.1.17;2641.4.2;2652.3.2,"title fine arts instructor ; skills teaching and training, creating artistic designs or performances, developing instructive or promotional materials ; duration 8.50 years || title script writer ; skills artistic and creative writing, collaborating and liaising, organising, planning and scheduling work and activities ; duration 7.50 years || title singer ; skills performing artistic or cultural activities, working in teams, creating artistic designs or performances ; duration 6.50 years || education master",prior ESCO title + top three ESCO skill groups + duration; latest education; latest target excluded
169938,train,283303,Interpreter,283303,retained_granular_class,R05,2643.2,interpreter,5223.4,"title sales assistant ; skills providing general assistance to people, executing financial transactions, selling products or services ; duration 1.75 years || education master",prior ESCO title + top three ESCO skill groups + duration; latest education; latest target excluded
170846,train,252416,Business Data Analyst,252416,retained_granular_class,R02,2511.10,ICT consultant,2511.10,"title ict consultant ; skills working with computers, testing electrical and mechanical systems or equipment, advising on design or use of technologies ; duration 2.25 years || education bachelor",prior ESCO title + top three ESCO skill groups + duration; latest education; latest target excluded
171693,train,243135,Digital Marketing Executive,243135,retained_granular_class,R04,2431.10.4,online marketer,2431.10;2513.4,"title marketing consultant ; skills developing financial, business or marketing plans, identifying opportunities, analysing business operations ; duration 2.25 years || title web content manager ; skills managing, gathering and storing digital data, using digital tools for collaboration and productivity, ensuring compliance with legislation ; duration 2.25 years || education bachelor",prior ESCO title + top three ESCO skill groups + duration; latest education; latest target excluded
172097,train,431110,Account and Promotion Clerk,431110,retained_granular_class,R07,4311.2,sales support assistant,1213.5,title 1213.5 ; duration 4.25 years || education no tertiary qualification,prior ESCO title + top three ESCO skill groups + duration; latest education; latest target excluded
172580,train,431110,Account and Promotion Clerk,431110,retained_granular_class,R07,4311.2,sales support assistant,5162.1,"title companion ; skills preparing food and drinks, cleaning interior and exterior of buildings, washing and maintaining textiles and clothing ; duration 4.25 years || education no tertiary qualification",prior ESCO title + top three ESCO skill groups + duration; latest education; latest target excluded
173166,train,252403,Data Analyst,252403,retained_granular_class,R02,2511.13,ICT system analyst,1330.6;2521.4,"title ict product manager ; skills developing financial, business or marketing plans, analysing business operations, planning production processes ; duration 8.75 years || title database integrator ; skills managing, gathering and storing digital data, setting up computer systems, designing ict systems or applications ; duration 3.25 years || education master",prior ESCO title + top three ESCO skill groups + duration; latest education; latest target excluded
173224,train,243121,Business Development Executive,243121,retained_granular_class,R04,2431.6,client relations manager,4225.1,"title customer service representative ; skills entering and transforming information, planning events and programmes, providing general assistance to people ; duration 1.50 years || education master",prior ESCO title + top three ESCO skill groups + duration; latest education; latest target excluded
17489,train,254309,Character Designer,254309,retained_granular_class,R06,2166.3,animator,2166.3,"title animator ; skills creating artistic designs or performances, creating visual displays and decorations, organising, planning and scheduling work and activities ; duration 7.25 years || education bachelor",prior ESCO title + top three ESCO skill groups + duration; latest education; latest target excluded
175303,train,231109,Tutor,231109,retained_granular_class,R10,2359.8,educational counsellor,2320.1.13,"title food service vocational teacher ; skills preparing food and drinks, monitoring and evaluating the performance of individuals, coaching and mentoring ; duration 0.50 years || education bachelor",prior ESCO title + top three ESCO skill groups + duration; latest education; latest target excluded
176479,train,254302,Graphic Designer,254306,merged_to_six_digit_curated_anchor,R06,2166.4,desktop publisher,2641.4,"title writer ; skills creating artistic designs or performances, writing and composing, artistic and creative writing ; duration 3.25 years || education secondary school",prior ESCO title + top three ESCO skill groups + duration; latest education; latest target excluded
177872,train,422207,Customer Contact Centre Information Clerk,422207,retained_granular_class,R08,4222.1,customer contact centre information clerk,2431.14,"title pricing specialist ; skills determining values of goods or services, analysing financial and economic data, managing budgets or finances ; duration 0.50 years || education secondary school",prior ESCO title + top three ESCO skill groups + duration; latest education; latest target excluded
178045,train,242323,Human Resource Officer,242307,merged_to_six_digit_curated_anchor,R03,2423.2,employment and vocational integration consultant,3431.1,"title photographer ; skills operating audio-visual equipment, creating visual displays and decorations, creating artistic designs or performances ; duration 11.25 years || education master",prior ESCO title + top three ESCO skill groups + duration; latest education; latest target excluded
178605,train,252403,Data Analyst,252403,retained_granular_class,R02,2511.3,data analyst,3343.1,"title administrative assistant ; skills performing general clerical and administrative tasks, planning events and programmes, managing, gathering and storing digital data ; duration 3.00 years || education master",prior ESCO title + top three ESCO skill groups + duration; latest education; latest target excluded
179253,train,412107,Secretary,412107,retained_granular_class,R09,4120.1,secretary,4412.2,"title postman/postwoman ; skills protecting privacy and personal data, developing professional relationships or networks, accepting feedback ; duration 3.25 years || education bachelor",prior ESCO title + top three ESCO skill groups + duration; latest education; latest target excluded
181777,train,431118,Billing Clerk,431118,retained_granular_class,R07,4311.1,billing clerk,3343.1,"title administrative assistant ; skills performing general clerical and administrative tasks, planning events and programmes, managing, gathering and storing digital data ; duration 1.25 years || education secondary school",prior ESCO title + top three ESCO skill groups + duration; latest education; latest target excluded
181988,train,242321,Talent Acquisition Consultant,242321,retained_granular_class,R03,2423.6,recruitment consultant,3343.1,"title administrative assistant ; skills performing general clerical and administrative tasks, planning events and programmes, managing, gathering and storing digital data ; duration 1.50 years || education secondary school",prior ESCO title + top three ESCO skill groups + duration; latest education; latest target excluded
182418,train,412107,Secretary,412107,retained_granular_class,R09,4120.1,secretary,1439.1;1420.3,"title call centre manager ; skills analysing business operations, directing operational activities, directing, supervising and coordinating projects ; duration 1.25 years || title sales account manager ; skills promoting products, services, or programs, negotiating and managing contracts and agreements, maintaining operational records ; duration 0.50 years || education bachelor",prior ESCO title + top three ESCO skill groups + duration; latest education; latest target excluded
186642,train,412107,Secretary,412107,retained_granular_class,R09,4120.1,secretary,5132.1.2;3343.1;3412.3;3343.1,"title cocktail bartender ; skills creating visual displays and decorations, preparing food and drinks, developing recipes or menus ; duration 2.75 years || title administrative assistant ; skills performing general clerical and administrative tasks, planning events and programmes, managing, gathering and storing digital data ; duration 1.25 years || title life coach ; skills coaching and mentoring, developing professional relationships or networks, counselling on personal, family or social issues ; duration 1.75 years || title administrative assistant ; skills performing general clerical and administrative tasks, planning events and programmes, managing, gathering and storing digital data ; duration 0.50 years || education bachelor",prior ESCO title + top three ESCO skill groups + duration; latest education; latest target excluded
187273,train,431110,Account and Promotion Clerk,431110,retained_granular_class,R07,4311.2,sales support assistant,4120.1,"title secretary ; skills performing general clerical and administrative tasks, managing, gathering and storing digital data, communicating with colleagues and clients ; duration 1.00 years || education bachelor",prior ESCO title + top three ESCO skill groups + duration; latest education; latest target excluded
188048,train,283303,Interpreter,283303,retained_granular_class,R05,2643.2,interpreter,2354.1;2353.1;2330.1.12,"title music teacher ; skills leading and motivating, coaching and mentoring, developing instructive or promotional materials ; duration 3.75 years || title language school teacher ; skills teaching academic or vocational subjects, teaching and training, monitoring and evaluating the performance of individuals ; duration 1.25 years || title modern languages teacher secondary school ; skills teaching and training, monitoring and evaluating the performance of individuals, coaching and mentoring ; duration 0.50 years || education bachelor",prior ESCO title + top three ESCO skill groups + duration; latest education; latest target excluded
188052,train,412107,Secretary,412107,retained_granular_class,R09,4120.1,secretary,2353.1,"title language school teacher ; skills teaching academic or vocational subjects, teaching and training, monitoring and evaluating the performance of individuals ; duration 0.75 years || education bachelor",prior ESCO title + top three ESCO skill groups + duration; latest education; latest target excluded
188307,train,431110,Account and Promotion Clerk,431110,retained_granular_class,R07,4311.2,sales support assistant,4311.2,"title sales support assistant ; skills performing general clerical and administrative tasks, preparing financial documents, records, reports, or budgets, analysing business operations ; duration 2.25 years || education secondary school",prior ESCO title + top three ESCO skill groups + duration; latest education; latest target excluded
188855,train,412107,Secretary,412107,retained_granular_class,R09,4120.1,secretary,1345.1,"title headteacher ; skills managing budgets or finances, supervising a team or group, developing professional relationships or networks ; duration 16.75 years || education secondary school",prior ESCO title + top three ESCO skill groups + duration; latest education; latest target excluded
190146,train,422207,Customer Contact Centre Information Clerk,422207,retained_granular_class,R08,4222.1,customer contact centre information clerk,5246.1,"title food service worker ; skills complying with health and safety procedures, storing goods and materials, communicating with colleagues and clients ; duration 1.25 years || education secondary school",prior ESCO title + top three ESCO skill groups + duration; latest education; latest target excluded
190372,train,283303,Interpreter,283303,retained_granular_class,R05,2643.2,interpreter,3435.25,"title theatre technician ; skills operating audio-visual equipment, creating visual displays and decorations, installing and repairing electrical, electronic and precision equipment ; duration 6.25 years || education bachelor",prior ESCO title + top three ESCO skill groups + duration; latest education; latest target excluded
191187,train,431110,Account and Promotion Clerk,431110,retained_granular_class,R07,4311.2,sales support assistant,3343.1.7,"title supply chain assistant ; skills performing general clerical and administrative tasks, analysing business operations, monitoring operational activities ; duration 3.00 years || education bachelor",prior ESCO title + top three ESCO skill groups + duration; latest education; latest target excluded
192646,train,422207,Customer Contact Centre Information Clerk,422207,retained_granular_class,R08,4222.1,customer contact centre information clerk,2351.3;3412.6;2359.8;3343.1,"title education inspector ; skills monitoring and evaluating the performance of individuals, monitoring developments in area of expertise, complying with operational procedures ; duration 3.50 years || title volunteer mentor ; skills coaching and mentoring, leading and motivating, advocating for individual or community needs ; duration 2.50 years || title educational counsellor ; skills collaborating and liaising, monitoring and evaluating the performance of individuals, advising on educational or vocational matters ; duration 1.25 years || title administrative assistant ; skills performing general clerical and administrative tasks, planning events and programmes, managing, gathering and storing digital data ; duration 1.50 years || education bachelor",prior ESCO title + top three ESCO skill groups + duration; latest education; latest target excluded
1934,train,254302,Graphic Designer,254302,retained_granular_class,R06,2166.9,graphic designer,3252.2,"title medical records manager ; skills managing information, maintaining or preparing medical documentation, working in teams ; duration 4.50 years || education bachelor",prior ESCO title + top three ESCO skill groups + duration; latest education; latest target excluded
193684,train,243135,Digital Marketing Executive,243135,retained_granular_class,R04,2431.10.4,online marketer,7512.1,"title baker ; skills fabricating food and related products, operating food processing machinery, complying with health and safety procedures ; duration 3.00 years || education master",prior ESCO title + top three ESCO skill groups + duration; latest education; latest target excluded
194289,train,243121,Business Development Executive,243121,retained_granular_class,R04,2431.5,business developer,2431.5,"title business developer ; skills analysing business operations, identifying opportunities, developing professional relationships or networks ; duration 3.00 years || education master",prior ESCO title + top three ESCO skill groups + duration; latest education; latest target excluded
196926,train,431110,Account and Promotion Clerk,431110,retained_granular_class,R07,4311.2,sales support assistant,3343.1.7,"title supply chain assistant ; skills performing general clerical and administrative tasks, analysing business operations, monitoring operational activities ; duration 5.25 years || education bachelor",prior ESCO title + top three ESCO skill groups + duration; latest education; latest target excluded
197538,train,431118,Billing Clerk,431118,retained_granular_class,R07,4311.1,billing clerk,5223.7.34;1420.3,"title telecommunications equipment specialised seller ; skills selling products or services, executing financial transactions, providing general assistance to people ; duration 1.25 years || title sales account manager ; skills promoting products, services, or programs, negotiating and managing contracts and agreements, maintaining operational records ; duration 0.50 years || education secondary school",prior ESCO title + top three ESCO skill groups + duration; latest education; latest target excluded
200184,train,412107,Secretary,412107,retained_granular_class,R09,4120.1,secretary,5223.4,"title sales assistant ; skills providing general assistance to people, executing financial transactions, selling products or services ; duration 5.75 years || education bachelor",prior ESCO title + top three ESCO skill groups + duration; latest education; latest target excluded
20216,train,243135,Digital Marketing Executive,243135,retained_granular_class,R04,2431.13,network marketer,2522.1.2;3422.4.7,"title system configurator ; skills setting up computer systems, developing operational policies and procedures, programming computer systems ; duration 0.50 years || title tennis coach ; skills monitoring and evaluating the performance of individuals, promoting products, services, or programs, planning events and programmes ; duration 1.25 years || education bachelor",prior ESCO title + top three ESCO skill groups + duration; latest education; latest target excluded
202175,train,431118,Billing Clerk,431118,retained_granular_class,R07,4311.1,billing clerk,3313.1,"title accounting assistant ; skills preparing financial documents, records, reports, or budgets, executing financial transactions, managing budgets or finances ; duration 1.25 years || education bachelor",prior ESCO title + top three ESCO skill groups + duration; latest education; latest target excluded
202236,train,243135,Digital Marketing Executive,243135,retained_granular_class,R04,2431.10.4,online marketer,1221.3.2,"title marketing manager ; skills developing financial, business or marketing plans, analysing business operations, collaborating and liaising ; duration 3.50 years || education master",prior ESCO title + top three ESCO skill groups + duration; latest education; latest target excluded
202299,train,412107,Secretary,412107,retained_granular_class,R09,4120.1,secretary,3341.7,"title office manager ; skills performing general clerical and administrative tasks, managing and administering human resources, giving instructions ; duration 3.00 years || education bachelor",prior ESCO title + top three ESCO skill groups + duration; latest education; latest target excluded
202733,train,431110,Account and Promotion Clerk,431110,retained_granular_class,R07,4311.2,sales support assistant,3343.1,"title administrative assistant ; skills performing general clerical and administrative tasks, planning events and programmes, managing, gathering and storing digital data ; duration 0.50 years || education bachelor",prior ESCO title + top three ESCO skill groups + duration; latest education; latest target excluded
203608,train,243121,Business Development Executive,243121,retained_granular_class,R04,2431.10.2,eBusiness manager,3324.4.11,"title wholesale merchant in electronic and telecommunications equipment and parts ; skills negotiating and managing contracts and agreements, engaging with others to identify needs, identifying opportunities ; duration 14.50 years || education bachelor",prior ESCO title + top three ESCO skill groups + duration; latest education; latest target excluded
204196,train,243135,Digital Marketing Executive,243135,retained_granular_class,R04,2431.10.4,online marketer,2166.7,"title digital media designer ; skills managing, gathering and storing digital data, using digital tools for processing sound and images, using digital tools for collaboration and productivity ; duration 2.75 years || education master",prior ESCO title + top three ESCO skill groups + duration; latest education; latest target excluded
204527,train,231109,Tutor,231109,retained_granular_class,R10,2359.4,assessor of prior learning,2511.1,"title computer scientist ; skills conducting academic or market research, technical or academic writing, programming computer systems ; duration 0.50 years || education bachelor",prior ESCO title + top three ESCO skill groups + duration; latest education; latest target excluded
204675,train,243135,Digital Marketing Executive,243108,merged_to_six_digit_curated_anchor,R04,2431.14,pricing specialist,4312.2.1,"title financial markets back office administrator ; skills performing general clerical and administrative tasks, executing financial transactions, promoting, selling and purchasing ; duration 3.25 years || education secondary school",prior ESCO title + top three ESCO skill groups + duration; latest education; latest target excluded
205459,train,243121,Business Development Executive,243121,retained_granular_class,R04,2431.5,business developer,5221.1,"title retail entrepreneur ; skills providing general assistance to people, developing professional relationships or networks, promoting products, services, or programs ; duration 3.75 years || education bachelor",prior ESCO title + top three ESCO skill groups + duration; latest education; latest target excluded
207198,train,243121,Business Development Executive,243121,retained_granular_class,R04,2431.6,client relations manager,9333.8.1,"title warehouse order picker ; skills storing goods and materials, moving or lifting materials, equipment, or supplies, marking materials or objects for identification ; duration 0.50 years || education bachelor",prior ESCO title + top three ESCO skill groups + duration; latest education; latest target excluded
207255,train,283303,Interpreter,283303,retained_granular_class,R05,2643.2,interpreter,2511.14;2643.2,"title ict system architect ; skills setting up computer systems, designing ict systems or applications, managing information ; duration 1.25 years || title interpreter ; skills translating and interpreting, technical or academic writing, using foreign languages ; duration 0.50 years || education no tertiary qualification",prior ESCO title + top three ESCO skill groups + duration; latest education; latest target excluded
207395,train,254316,Digital Designer,254316,retained_granular_class,R06,2166.7,digital media designer,2166.9,"title graphic designer ; skills creating artistic designs or performances, creating visual displays and decorations, using digital tools for processing sound and images ; duration 9.50 years || education bachelor",prior ESCO title + top three ESCO skill groups + duration; latest education; latest target excluded
207944,train,283302,Translator,283304,merged_to_six_digit_curated_anchor,R05,2643.4.1,lawyer linguist,2330.1,"title secondary school teacher ; skills teaching academic or vocational subjects, monitoring and evaluating the performance of individuals, teaching and training ; duration 6.25 years || education master",prior ESCO title + top three ESCO skill groups + duration; latest education; latest target excluded
207981,train,243135,Digital Marketing Executive,243135,retained_granular_class,R04,2431.13,network marketer,2423.6;3412.3;2421.2;4120.1;2423.6,"title recruitment consultant ; skills protecting privacy and personal data, recruiting and hiring, developing professional relationships or networks ; duration 6.25 years || title life coach ; skills coaching and mentoring, developing professional relationships or networks, counselling on personal, family or social issues ; duration 5.25 years || title business consultant ; skills analysing business operations, analysing financial and economic data, advising on business or operational matters ; duration 4.75 years || title secretary ; skills performing general clerical and administrative tasks, managing, gathering and storing digital data, communicating with colleagues and clients ; duration 3.75 years || title recruitment consultant ; skills protecting privacy and personal data, recruiting and hiring, developing professional relationships or networks ; duration 0.50 years || education no tertiary qualification",prior ESCO title + top three ESCO skill groups + duration; latest education; latest target excluded
209723,train,254316,Digital Designer,254316,retained_granular_class,R06,2166.7,digital media designer,2431.10.4,"title online marketer ; skills promoting products, services, or programs, developing financial, business or marketing plans, using digital tools for collaboration and productivity ; duration 0.75 years || education master",prior ESCO title + top three ESCO skill groups + duration; latest education; latest target excluded
211801,train,254302,Graphic Designer,254302,retained_granular_class,R06,2166.9,graphic designer,2166.9,"title graphic designer ; skills creating artistic designs or performances, creating visual displays and decorations, using digital tools for processing sound and images ; duration 2.50 years || education no tertiary qualification",prior ESCO title + top three ESCO skill groups + duration; latest education; latest target excluded
211818,train,252416,Business Data Analyst,252416,retained_granular_class,R02,2511.10,ICT consultant,1420.4.12,"title computer software and multimedia shop manager ; skills selling products or services, complying with operational procedures, developing professional relationships or networks ; duration 1.25 years || education no tertiary qualification",prior ESCO title + top three ESCO skill groups + duration; latest education; latest target excluded
212908,train,254302,Graphic Designer,254302,retained_granular_class,R06,2166.9,graphic designer,2166.9,"title graphic designer ; skills creating artistic designs or performances, creating visual displays and decorations, using digital tools for processing sound and images ; duration 0.75 years || education no tertiary qualification",prior ESCO title + top three ESCO skill groups + duration; latest education; latest target excluded
214160,train,243121,Business Development Executive,243121,retained_granular_class,R04,2431.6,client relations manager,4416.1,"title human resources assistant ; skills complying with operational procedures, planning events and programmes, monitoring and evaluating the performance of individuals ; duration 2.00 years || education bachelor",prior ESCO title + top three ESCO skill groups + duration; latest education; latest target excluded
216558,train,231109,Tutor,231109,retained_granular_class,R10,2359.7,e-learning developer,4224.1.1,"title camping ground operative ; skills accompanying and welcoming people, promoting products, services, or programs, providing information to the public and clients ; duration 1.25 years || education master",prior ESCO title + top three ESCO skill groups + duration; latest education; latest target excluded
216936,train,231109,Tutor,231109,retained_granular_class,R10,2359.2,academic support officer,3343.1,"title administrative assistant ; skills performing general clerical and administrative tasks, planning events and programmes, managing, gathering and storing digital data ; duration 5.25 years || education bachelor",prior ESCO title + top three ESCO skill groups + duration; latest education; latest target excluded
217045,train,231109,Tutor,231109,retained_granular_class,R10,2359.14,tutor,3313.1,"title accounting assistant ; skills preparing financial documents, records, reports, or budgets, executing financial transactions, managing budgets or finances ; duration 7.50 years || education bachelor",prior ESCO title + top three ESCO skill groups + duration; latest education; latest target excluded
218748,train,254302,Graphic Designer,254302,retained_granular_class,R06,2166.9,graphic designer,2431.13,"title network marketer ; skills selling products or services, promoting products, services, or programs, developing professional relationships or networks ; duration 2.50 years || education bachelor",prior ESCO title + top three ESCO skill groups + duration; latest education; latest target excluded
218789,train,431118,Billing Clerk,431118,retained_granular_class,R07,4311.1,billing clerk,2411.1.7,"title financial auditor ; skills preparing financial documents, records, reports, or budgets, monitoring financial and economic resources and activity, analysing financial and economic data ; duration 1.25 years || education secondary school",prior ESCO title + top three ESCO skill groups + duration; latest education; latest target excluded
220382,train,431110,Account and Promotion Clerk,431110,retained_granular_class,R07,4311.2,sales support assistant,3331.2.2,"title shipping agent ; skills ensuring compliance with legislation, collaborating and liaising, preparing documentation for contracts, applications, or permits ; duration 0.50 years || education secondary school",prior ESCO title + top three ESCO skill groups + duration; latest education; latest target excluded
221343,train,254309,Character Designer,254309,retained_granular_class,R06,2166.3,animator,2166.14;2652.3,"title stop-motion animator ; skills operating audio-visual equipment, conducting academic or market research, organising, planning and scheduling work and activities ; duration 2.25 years || title musician ; skills performing artistic or cultural activities, composing music, working in teams ; duration 2.25 years || education master",prior ESCO title + top three ESCO skill groups + duration; latest education; latest target excluded
221550,train,243135,Digital Marketing Executive,243135,retained_granular_class,R04,2431.10.4,online marketer,4221.4,"title tourist information officer ; skills developing professional relationships or networks, promoting products, services, or programs, accompanying and welcoming people ; duration 6.75 years || education bachelor",prior ESCO title + top three ESCO skill groups + duration; latest education; latest target excluded
221669,train,243110,Marketing Communications Specialist,243110,retained_granular_class,R04,2431.10,marketing consultant,1211.1.3,"title budget manager ; skills managing budgets or finances, monitoring financial and economic resources and activity, analysing financial and economic data ; duration 2.25 years || education master",prior ESCO title + top three ESCO skill groups + duration; latest education; latest target excluded
222871,train,243135,Digital Marketing Executive,243135,retained_granular_class,R04,2431.10.4,online marketer,2431.10.4,"title online marketer ; skills promoting products, services, or programs, developing financial, business or marketing plans, using digital tools for collaboration and productivity ; duration 3.50 years || education bachelor",prior ESCO title + top three ESCO skill groups + duration; latest education; latest target excluded
224974,train,254302,Graphic Designer,254302,retained_granular_class,R06,2166.9,graphic designer,2166.9,"title graphic designer ; skills creating artistic designs or performances, creating visual displays and decorations, using digital tools for processing sound and images ; duration 11.25 years || education master",prior ESCO title + top three ESCO skill groups + duration; latest education; latest target excluded
225784,train,243121,Business Development Executive,243121,retained_granular_class,R04,2431.6,client relations manager,5132.1.1;5223.6,"title barista ; skills selling products or services, following instructions and procedures, training on operational procedures ; duration 1.25 years || title shop assistant ; skills executing financial transactions, selling products or services, packaging objects ; duration 0.50 years || education secondary school",prior ESCO title + top three ESCO skill groups + duration; latest education; latest target excluded
226180,train,243121,Business Development Executive,243121,retained_granular_class,R04,2431.6,client relations manager,5311.1.2;2166.3,"title babysitter ; skills caring for children, preparing food and drinks, cleaning interior and exterior of buildings ; duration 2.75 years || title animator ; skills creating artistic designs or performances, creating visual displays and decorations, organising, planning and scheduling work and activities ; duration 0.50 years || education bachelor",prior ESCO title + top three ESCO skill groups + duration; latest education; latest target excluded
227822,train,431118,Billing Clerk,431118,retained_granular_class,R07,4311.1,billing clerk,3331.2.1.4,"title import export specialist in chemical products ; skills implementing new procedures or processes, planning production processes, managing transport and logistics activities ; duration 2.25 years || education bachelor",prior ESCO title + top three ESCO skill groups + duration; latest education; latest target excluded
228609,train,252403,Data Analyst,252403,retained_granular_class,R02,2511.19,user experience analyst,2513.3,"title user interface designer ; skills managing, gathering and storing digital data, creating artistic designs or performances, creating visual displays and decorations ; duration 3.75 years || education no tertiary qualification",prior ESCO title + top three ESCO skill groups + duration; latest education; latest target excluded
230666,train,231109,Tutor,231109,retained_granular_class,R10,2359.2,academic support officer,5131.2,"title waiter/waitress ; skills serving food and drinks, preparing food and drinks, advising on products and services ; duration 4.50 years || education bachelor",prior ESCO title + top three ESCO skill groups + duration; latest education; latest target excluded
230989,train,422207,Customer Contact Centre Information Clerk,422207,retained_granular_class,R08,4222.1,customer contact centre information clerk,5132.1,"title bartender ; skills serving food and drinks, preparing food and drinks, selling products or services ; duration 11.75 years || education bachelor",prior ESCO title + top three ESCO skill groups + duration; latest education; latest target excluded
232152,train,242323,Human Resource Officer,242323,retained_granular_class,R03,2423.3,human resources officer,3412.3;3423.2.2;2359.13,"title life coach ; skills coaching and mentoring, developing professional relationships or networks, counselling on personal, family or social issues ; duration 7.50 years || title personal trainer ; skills providing medical advice, promoting products, services, or programs, diagnosing health conditions ; duration 7.50 years || title public speaking coach ; skills coaching and mentoring, giving feedback, teaching academic or vocational subjects ; duration 2.00 years || education bachelor",prior ESCO title + top three ESCO skill groups + duration; latest education; latest target excluded
232179,train,254302,Graphic Designer,254307,merged_to_six_digit_curated_anchor,R06,2166.1,3D modeller,5223.4,"title sales assistant ; skills providing general assistance to people, executing financial transactions, selling products or services ; duration 4.50 years || education bachelor",prior ESCO title + top three ESCO skill groups + duration; latest education; latest target excluded
233881,train,231109,Tutor,231109,retained_granular_class,R10,2359.11,learning mentor,9411.2;2351.1,"title quick service restaurant crew member ; skills preparing food and drinks, selling products or services, executing financial transactions ; duration 7.75 years || title curriculum administrator ; skills developing professional relationships or networks, developing educational programmes, advising on educational or vocational matters ; duration 2.00 years || education master",prior ESCO title + top three ESCO skill groups + duration; latest education; latest target excluded
234961,train,243135,Digital Marketing Executive,243135,retained_granular_class,R04,2431.10.4,online marketer,2166.9,"title graphic designer ; skills creating artistic designs or performances, creating visual displays and decorations, using digital tools for processing sound and images ; duration 4.25 years || education master",prior ESCO title + top three ESCO skill groups + duration; latest education; latest target excluded
238327,train,431118,Billing Clerk,431118,retained_granular_class,R07,4311.1,billing clerk,1212.2;2423.6,"title human resources manager ; skills managing and administering human resources, complying with operational procedures, recruiting and hiring ; duration 1.50 years || title recruitment consultant ; skills protecting privacy and personal data, recruiting and hiring, developing professional relationships or networks ; duration 0.75 years || education no tertiary qualification",prior ESCO title + top three ESCO skill groups + duration; latest education; latest target excluded
238911,train,254302,Graphic Designer,254302,retained_granular_class,R06,2166.9,graphic designer,2513.4,"title web content manager ; skills managing, gathering and storing digital data, using digital tools for collaboration and productivity, ensuring compliance with legislation ; duration 19.50 years || education no tertiary qualification",prior ESCO title + top three ESCO skill groups + duration; latest education; latest target excluded
239299,train,412107,Secretary,412107,retained_granular_class,R09,4120.1,secretary,1111.6;1111.4,"title secretary of state ; skills advising on legal, regulatory or procedural matters, collaborating and liaising, mediating and resolving disputes ; duration 15.50 years || title mayor ; skills developing professional relationships or networks, advocating for individual or community needs, presenting general information ; duration 11.50 years || education master",prior ESCO title + top three ESCO skill groups + duration; latest education; latest target excluded
240101,train,254302,Graphic Designer,254302,retained_granular_class,R06,2166.9,graphic designer,5311.1.3;3343.1,"title child day care worker ; skills providing support to resolve problems, caring for children, complying with operational procedures ; duration 5.25 years || title administrative assistant ; skills performing general clerical and administrative tasks, planning events and programmes, managing, gathering and storing digital data ; duration 2.25 years || education no tertiary qualification",prior ESCO title + top three ESCO skill groups + duration; latest education; latest target excluded
241223,train,431110,Account and Promotion Clerk,431110,retained_granular_class,R07,4311.2,sales support assistant,1420.3,"title sales account manager ; skills promoting products, services, or programs, negotiating and managing contracts and agreements, maintaining operational records ; duration 1.25 years || education bachelor",prior ESCO title + top three ESCO skill groups + duration; latest education; latest target excluded
242010,train,243135,Digital Marketing Executive,243135,retained_granular_class,R04,2431.13,network marketer,5223.4,"title sales assistant ; skills providing general assistance to people, executing financial transactions, selling products or services ; duration 1.25 years || education bachelor",prior ESCO title + top three ESCO skill groups + duration; latest education; latest target excluded
244397,train,412107,Secretary,412107,retained_granular_class,R09,4120.1,secretary,3341.7;3343.1,"title office manager ; skills performing general clerical and administrative tasks, managing and administering human resources, giving instructions ; duration 2.00 years || title administrative assistant ; skills performing general clerical and administrative tasks, planning events and programmes, managing, gathering and storing digital data ; duration 2.50 years || education secondary school",prior ESCO title + top three ESCO skill groups + duration; latest education; latest target excluded
245150,train,431118,Billing Clerk,431118,retained_granular_class,R07,4311.1,billing clerk,2359.2,"title academic support officer ; skills monitoring and evaluating the performance of individuals, planning events and programmes, teaching academic or vocational subjects ; duration 7.50 years || education secondary school",prior ESCO title + top three ESCO skill groups + duration; latest education; latest target excluded
245435,train,243110,Marketing Communications Specialist,243110,retained_granular_class,R04,2431.10,marketing consultant,3423.2.2,"title personal trainer ; skills providing medical advice, promoting products, services, or programs, diagnosing health conditions ; duration 2.25 years || education bachelor",prior ESCO title + top three ESCO skill groups + duration; latest education; latest target excluded
245447,train,243136,Marketing Officer,243136,retained_granular_class,R04,2431.10.3,marketing assistant,2642.1.9;1221.3.2.1,"title entertainment journalist ; skills developing professional relationships or networks, writing and composing, using digital tools for processing sound and images ; duration 7.50 years || title sales manager ; skills developing financial, business or marketing plans, analysing business operations, managing budgets or finances ; duration 0.75 years || education bachelor",prior ESCO title + top three ESCO skill groups + duration; latest education; latest target excluded
246097,train,243135,Digital Marketing Executive,243135,retained_granular_class,R04,2431.10.4,online marketer,1221.5,"title digital marketing manager ; skills developing financial, business or marketing plans, promoting products, services, or programs, using digital tools for collaboration and productivity ; duration 1.50 years || education master",prior ESCO title + top three ESCO skill groups + duration; latest education; latest target excluded
246299,train,243136,Marketing Officer,243136,retained_granular_class,R04,2431.10.3,marketing assistant,4225.1,"title customer service representative ; skills entering and transforming information, planning events and programmes, providing general assistance to people ; duration 1.25 years || education bachelor",prior ESCO title + top three ESCO skill groups + duration; latest education; latest target excluded
246871,train,412107,Secretary,412107,retained_granular_class,R09,4120.1,secretary,4416.1,"title human resources assistant ; skills complying with operational procedures, planning events and programmes, monitoring and evaluating the performance of individuals ; duration 1.25 years || education master",prior ESCO title + top three ESCO skill groups + duration; latest education; latest target excluded
247907,train,243135,Digital Marketing Executive,243123,merged_to_six_digit_curated_anchor,R04,2431.4,brand manager,2431.5,"title business developer ; skills analysing business operations, identifying opportunities, developing professional relationships or networks ; duration 2.25 years || education master",prior ESCO title + top three ESCO skill groups + duration; latest education; latest target excluded
248504,train,243135,Digital Marketing Executive,243101,merged_to_six_digit_curated_anchor,R04,2431.1,advertising copywriter,3332.1;5131.2,"title event assistant ; skills planning events and programmes, collaborating and liaising, directing operational activities ; duration 7.25 years || title waiter/waitress ; skills serving food and drinks, preparing food and drinks, advising on products and services ; duration 2.25 years || education bachelor",prior ESCO title + top three ESCO skill groups + duration; latest education; latest target excluded
248908,train,431118,Billing Clerk,431118,retained_granular_class,R07,4311.1,billing clerk,3313.1,"title accounting assistant ; skills preparing financial documents, records, reports, or budgets, executing financial transactions, managing budgets or finances ; duration 0.50 years || education secondary school",prior ESCO title + top three ESCO skill groups + duration; latest education; latest target excluded
248913,train,243121,Business Development Executive,243121,retained_granular_class,R04,2431.5,business developer,9333.3,"title materials handler ; skills storing goods and materials, marking materials or objects for identification, loading and unloading goods and, materials ; duration 9.25 years || education bachelor",prior ESCO title + top three ESCO skill groups + duration; latest education; latest target excluded
24977,train,252403,Data Analyst,252401,merged_to_six_digit_curated_anchor,R02,2511.4,data scientist,2511.4,"title data scientist ; skills managing, gathering and storing digital data, conducting academic or market research, technical or academic writing ; duration 0.50 years || education no tertiary qualification",prior ESCO title + top three ESCO skill groups + duration; latest education; latest target excluded
249826,train,254316,Digital Designer,254316,retained_granular_class,R06,2166.7,digital media designer,2166.7,"title digital media designer ; skills managing, gathering and storing digital data, using digital tools for processing sound and images, using digital tools for collaboration and productivity ; duration 3.50 years || education master",prior ESCO title + top three ESCO skill groups + duration; latest education; latest target excluded
250144,train,412107,Secretary,412107,retained_granular_class,R09,4120.1,secretary,4416.1;4120.1;4416.1,"title human resources assistant ; skills complying with operational procedures, planning events and programmes, monitoring and evaluating the performance of individuals ; duration 7.00 years || title secretary ; skills performing general clerical and administrative tasks, managing, gathering and storing digital data, communicating with colleagues and clients ; duration 1.75 years || title human resources assistant ; skills complying with operational procedures, planning events and programmes, monitoring and evaluating the performance of individuals ; duration 1.00 years || education bachelor",prior ESCO title + top three ESCO skill groups + duration; latest education; latest target excluded
250465,train,283302,Translator,283302,retained_granular_class,R05,2643.6,translator,1345.1;1212.1,"title headteacher ; skills managing budgets or finances, supervising a team or group, developing professional relationships or networks ; duration 9.50 years || title employee volunteering programme coordinator ; skills developing professional relationships or networks, promoting products, services, or programs, working in teams ; duration 8.50 years || education master",prior ESCO title + top three ESCO skill groups + duration; latest education; latest target excluded
250982,train,242321,Talent Acquisition Consultant,242321,retained_granular_class,R03,2423.6,recruitment consultant,5223.1,"title car leasing agent ; skills negotiating and managing contracts and agreements, organising, planning and scheduling work and activities, developing professional relationships or networks ; duration 1.25 years || education secondary school",prior ESCO title + top three ESCO skill groups + duration; latest education; latest target excluded
251038,train,243136,Marketing Officer,243136,retained_granular_class,R04,2431.10.3,marketing assistant,1221.5;1321.2.2;1420.3,"title digital marketing manager ; skills developing financial, business or marketing plans, promoting products, services, or programs, using digital tools for collaboration and productivity ; duration 2.25 years || title industrial quality manager ; skills monitoring quality of products, monitoring safety or security, developing operational policies and procedures ; duration 2.25 years || title sales account manager ; skills promoting products, services, or programs, negotiating and managing contracts and agreements, maintaining operational records ; duration 2.25 years || education master",prior ESCO title + top three ESCO skill groups + duration; latest education; latest target excluded
252051,train,412107,Secretary,412107,retained_granular_class,R09,4120.1,secretary,4224.1,"title hospitality establishment receptionist ; skills promoting products, services, or programs, accompanying and welcoming people, providing general assistance to people ; duration 8.50 years || education master",prior ESCO title + top three ESCO skill groups + duration; latest education; latest target excluded
252443,train,254309,Character Designer,254309,retained_granular_class,R06,2166.14,stop-motion animator,3115.1.18;2310.1.42;5311.1.4;5312.1;5312.1;5312.1,"title rolling stock engineering technician ; skills maintaining operational records, maintaining mechanical machinery, testing vehicles ; duration 7.25 years || title university teaching assistant ; skills teaching academic or vocational subjects, developing instructive or promotional materials, conducting academic or market research ; duration 0.50 years || title nanny ; skills caring for children, preparing food and drinks, cleaning interior and exterior of buildings ; duration 0.50 years || title early years teaching assistant ; skills caring for children, monitoring and evaluating the performance of individuals, coaching and mentoring ; duration 0.50 years || title early years teaching assistant ; skills caring for children, monitoring and evaluating the performance of individuals, coaching and mentoring ; duration 0.50 years || title early years teaching assistant ; skills caring for children, monitoring and evaluating the performance of individuals, coaching and mentoring ; duration 0.50 years || education bachelor",prior ESCO title + top three ESCO skill groups + duration; latest education; latest target excluded
252747,train,431110,Account and Promotion Clerk,431110,retained_granular_class,R07,4311.2,sales support assistant,5223.4,"title sales assistant ; skills providing general assistance to people, executing financial transactions, selling products or services ; duration 5.25 years || education no tertiary qualification",prior ESCO title + top three ESCO skill groups + duration; latest education; latest target excluded
253485,train,283303,Interpreter,283303,retained_granular_class,R05,2643.2,interpreter,2635.3.7,"title consultant social worker ; skills advocating for individual or community needs, developing professional relationships or networks, complying with operational procedures ; duration 0.75 years || education bachelor",prior ESCO title + top three ESCO skill groups + duration; latest education; latest target excluded
254999,train,243135,Digital Marketing Executive,243135,retained_granular_class,R04,2431.10.4,online marketer,2310.1.41,"title university research assistant ; skills conducting academic or market research, technical or academic writing, teaching academic or vocational subjects ; duration 0.50 years || education master",prior ESCO title + top three ESCO skill groups + duration; latest education; latest target excluded
256661,train,252403,Data Analyst,252403,retained_granular_class,R02,2511.13,ICT system analyst,2310.1.41,"title university research assistant ; skills conducting academic or market research, technical or academic writing, teaching academic or vocational subjects ; duration 1.25 years || education master",prior ESCO title + top three ESCO skill groups + duration; latest education; latest target excluded
256859,train,431110,Account and Promotion Clerk,431110,retained_granular_class,R07,4311.2,sales support assistant,5131.2;8322.5,"title waiter/waitress ; skills serving food and drinks, preparing food and drinks, advising on products and services ; duration 3.25 years || title patient transport services driver ; skills installing wooden and metal components, following instructions and procedures, assisting people with mobility ; duration 3.25 years || education secondary school",prior ESCO title + top three ESCO skill groups + duration; latest education; latest target excluded
257041,train,242321,Talent Acquisition Consultant,242321,retained_granular_class,R03,2423.6,recruitment consultant,2359.14,"title tutor ; skills coaching and mentoring, monitoring and evaluating the performance of individuals, collaborating and liaising ; duration 4.50 years || education master",prior ESCO title + top three ESCO skill groups + duration; latest education; latest target excluded
257416,train,254302,Graphic Designer,254306,merged_to_six_digit_curated_anchor,R06,2166.4,desktop publisher,2166.4;2431.10.4,"title desktop publisher ; skills organising, planning and scheduling work and activities, using word processing, publishing and presentation software, using digital tools for processing sound and images ; duration 1.75 years || title online marketer ; skills promoting products, services, or programs, developing financial, business or marketing plans, using digital tools for collaboration and productivity ; duration 0.50 years || education bachelor",prior ESCO title + top three ESCO skill groups + duration; latest education; latest target excluded
258814,train,431110,Account and Promotion Clerk,431110,retained_granular_class,R07,4311.2,sales support assistant,3422.4.7,"title tennis coach ; skills monitoring and evaluating the performance of individuals, promoting products, services, or programs, planning events and programmes ; duration 12.50 years || education master",prior ESCO title + top three ESCO skill groups + duration; latest education; latest target excluded
260542,train,242321,Talent Acquisition Consultant,242321,retained_granular_class,R03,2423.6,recruitment consultant,2431.16,"title promotion assistant ; skills performing general clerical and administrative tasks, conducting academic or market research, developing instructive or promotional materials ; duration 6.25 years || education secondary school",prior ESCO title + top three ESCO skill groups + duration; latest education; latest target excluded
262784,train,431110,Account and Promotion Clerk,431110,retained_granular_class,R07,4311.2,sales support assistant,1212.1,"title employee volunteering programme coordinator ; skills developing professional relationships or networks, promoting products, services, or programs, working in teams ; duration 1.25 years || education master",prior ESCO title + top three ESCO skill groups + duration; latest education; latest target excluded
263382,train,243136,Marketing Officer,243136,retained_granular_class,R04,2431.10.3,marketing assistant,4311.2,"title sales support assistant ; skills performing general clerical and administrative tasks, preparing financial documents, records, reports, or budgets, analysing business operations ; duration 0.50 years || education master",prior ESCO title + top three ESCO skill groups + duration; latest education; latest target excluded
263532,train,243135,Digital Marketing Executive,243101,merged_to_six_digit_curated_anchor,R04,2431.3,advertising specialist,5223.6,"title shop assistant ; skills executing financial transactions, selling products or services, packaging objects ; duration 1.25 years || education no tertiary qualification",prior ESCO title + top three ESCO skill groups + duration; latest education; latest target excluded
2641,train,231109,Tutor,231109,retained_granular_class,R10,2359.11,learning mentor,2330.1,"title secondary school teacher ; skills teaching academic or vocational subjects, monitoring and evaluating the performance of individuals, teaching and training ; duration 0.50 years || education master",prior ESCO title + top three ESCO skill groups + duration; latest education; latest target excluded
264335,train,243135,Digital Marketing Executive,243135,retained_granular_class,R04,2431.13,network marketer,2635.3;5223.7.31,"title social worker ; skills advocating for individual or community needs, providing support to resolve problems, complying with operational procedures ; duration 4.50 years || title shoe and leather accessories specialised seller ; skills advising on products and services, selling products or services, executing financial transactions ; duration 4.50 years || education bachelor",prior ESCO title + top three ESCO skill groups + duration; latest education; latest target excluded
264470,train,283303,Interpreter,283303,retained_granular_class,R05,2643.2,interpreter,3435.5;7215.1.1,"title body artist ; skills advising on products and services, styling hair and providing beauty treatments, creating artistic designs or performances ; duration 7.50 years || title stagehand ; skills complying with health and safety procedures, building and repairing structures, creating visual displays and decorations ; duration 5.50 years || education master",prior ESCO title + top three ESCO skill groups + duration; latest education; latest target excluded
266464,train,243121,Business Development Executive,243121,retained_granular_class,R04,2431.5,business developer,2433.6.4,"title technical sales representative in machinery and industrial equipment ; skills promoting products, services, or programs, developing professional relationships or networks, providing general assistance to people ; duration 4.25 years || education master",prior ESCO title + top three ESCO skill groups + duration; latest education; latest target excluded
267359,train,254302,Graphic Designer,254302,retained_granular_class,R06,2166.9,graphic designer,2166.9,"title graphic designer ; skills creating artistic designs or performances, creating visual displays and decorations, using digital tools for processing sound and images ; duration 1.75 years || education master",prior ESCO title + top three ESCO skill groups + duration; latest education; latest target excluded
267768,train,412107,Secretary,412107,retained_granular_class,R09,4120.1,secretary,5230.1,"title cashier ; skills executing financial transactions, performing calculations, promoting products, services, or programs ; duration 4.50 years || education bachelor",prior ESCO title + top three ESCO skill groups + duration; latest education; latest target excluded
268679,train,254302,Graphic Designer,254302,retained_granular_class,R06,2166.9,graphic designer,2166.9,"title graphic designer ; skills creating artistic designs or performances, creating visual displays and decorations, using digital tools for processing sound and images ; duration 6.50 years || education bachelor",prior ESCO title + top three ESCO skill groups + duration; latest education; latest target excluded
270024,train,243135,Digital Marketing Executive,243135,retained_granular_class,R04,2431.10.4,online marketer,2431.10.4,"title online marketer ; skills promoting products, services, or programs, developing financial, business or marketing plans, using digital tools for collaboration and productivity ; duration 2.00 years || education master",prior ESCO title + top three ESCO skill groups + duration; latest education; latest target excluded
270346,train,254309,Character Designer,254309,retained_granular_class,R06,2166.14,stop-motion animator,5223.7.4,"title bakery specialised seller ; skills executing financial transactions, providing general assistance to people, storing goods and materials ; duration 8.25 years || education bachelor",prior ESCO title + top three ESCO skill groups + duration; latest education; latest target excluded
270348,train,231109,Tutor,231109,retained_granular_class,R10,2359.14,tutor,2310.1;2330.1,"title higher education lecturer ; skills conducting academic or market research, teaching and training, technical or academic writing ; duration 1.25 years || title secondary school teacher ; skills teaching academic or vocational subjects, monitoring and evaluating the performance of individuals, teaching and training ; duration 1.25 years || education master",prior ESCO title + top three ESCO skill groups + duration; latest education; latest target excluded
271951,train,431118,Billing Clerk,431118,retained_granular_class,R07,4311.1,billing clerk,2433.5,"title solar energy sales consultant ; skills promoting products, services, or programs, developing professional relationships or networks, advising on environmental issues ; duration 1.00 years || education no tertiary qualification",prior ESCO title + top three ESCO skill groups + duration; latest education; latest target excluded
273123,train,243135,Digital Marketing Executive,243101,merged_to_six_digit_curated_anchor,R04,2431.7,creative director,2642.1.12,"title magazine editor ; skills artistic and creative writing, developing professional relationships or networks, organising, planning and scheduling work and activities ; duration 14.75 years || education master",prior ESCO title + top three ESCO skill groups + duration; latest education; latest target excluded
274309,train,412107,Secretary,412107,retained_granular_class,R09,4120.1,secretary,2421.2,"title business consultant ; skills analysing business operations, analysing financial and economic data, advising on business or operational matters ; duration 1.25 years || education bachelor",prior ESCO title + top three ESCO skill groups + duration; latest education; latest target excluded
275185,train,431110,Account and Promotion Clerk,431110,retained_granular_class,R07,4311.2,sales support assistant,1420.3,"title sales account manager ; skills promoting products, services, or programs, negotiating and managing contracts and agreements, maintaining operational records ; duration 0.75 years || education bachelor",prior ESCO title + top three ESCO skill groups + duration; latest education; latest target excluded
27527,train,412107,Secretary,412107,retained_granular_class,R09,4120.1,secretary,3343.1.2,"title education administrator ; skills performing general clerical and administrative tasks, managing budgets or finances, executing financial transactions ; duration 0.50 years || education bachelor",prior ESCO title + top three ESCO skill groups + duration; latest education; latest target excluded
275291,train,422207,Customer Contact Centre Information Clerk,422207,retained_granular_class,R08,4222.1,customer contact centre information clerk,3423.2.2,"title personal trainer ; skills providing medical advice, promoting products, services, or programs, diagnosing health conditions ; duration 2.50 years || education secondary school",prior ESCO title + top three ESCO skill groups + duration; latest education; latest target excluded
277385,train,243121,Business Development Executive,243121,retained_granular_class,R04,2431.6,client relations manager,2513.5,"title web developer ; skills programming computer systems, using digital tools for collaboration and productivity, designing ict systems or applications ; duration 3.25 years || education bachelor",prior ESCO title + top three ESCO skill groups + duration; latest education; latest target excluded
27746,train,254302,Graphic Designer,254307,merged_to_six_digit_curated_anchor,R06,2166.1,3D modeller,5230.1,"title cashier ; skills executing financial transactions, performing calculations, promoting products, services, or programs ; duration 4.25 years || education bachelor",prior ESCO title + top three ESCO skill groups + duration; latest education; latest target excluded
279961,train,254302,Graphic Designer,254302,retained_granular_class,R06,2166.9,graphic designer,2166.9;2431.4,"title graphic designer ; skills creating artistic designs or performances, creating visual displays and decorations, using digital tools for processing sound and images ; duration 0.50 years || title brand manager ; skills developing financial, business or marketing plans, promoting products, services, or programs, managing budgets or finances ; duration 1.25 years || education bachelor",prior ESCO title + top three ESCO skill groups + duration; latest education; latest target excluded
28003,train,431110,Account and Promotion Clerk,431110,retained_granular_class,R07,4311.2,sales support assistant,3343.1.7,"title supply chain assistant ; skills performing general clerical and administrative tasks, analysing business operations, monitoring operational activities ; duration 0.50 years || education bachelor",prior ESCO title + top three ESCO skill groups + duration; latest education; latest target excluded
281726,train,243136,Marketing Officer,243136,retained_granular_class,R04,2431.10.3,marketing assistant,5132.1,"title bartender ; skills serving food and drinks, preparing food and drinks, selling products or services ; duration 3.75 years || education bachelor",prior ESCO title + top three ESCO skill groups + duration; latest education; latest target excluded
282344,train,422207,Customer Contact Centre Information Clerk,422207,retained_granular_class,R08,4222.1,customer contact centre information clerk,5222.1;4222.1,"title shop supervisor ; skills managing budgets or finances, directing operational activities, monitoring operational activities ; duration 1.25 years || title customer contact centre information clerk ; skills developing professional relationships or networks, providing general assistance to people, providing information to the public and clients ; duration 0.50 years || education secondary school",prior ESCO title + top three ESCO skill groups + duration; latest education; latest target excluded
283297,train,243136,Marketing Officer,243136,retained_granular_class,R04,2431.10.3,marketing assistant,9112.4,"title room attendant ; skills cleaning interior and exterior of buildings, promoting products, services, or programs, handling and disposing of hazardous materials ; duration 5.25 years || education bachelor",prior ESCO title + top three ESCO skill groups + duration; latest education; latest target excluded
284958,train,412107,Secretary,412107,retained_granular_class,R09,4120.1,secretary,2330.1.12,"title modern languages teacher secondary school ; skills teaching and training, monitoring and evaluating the performance of individuals, coaching and mentoring ; duration 1.25 years || education master",prior ESCO title + top three ESCO skill groups + duration; latest education; latest target excluded
285587,train,254309,Character Designer,254309,retained_granular_class,R06,2166.3,animator,2166.3;5131.2,"title animator ; skills creating artistic designs or performances, creating visual displays and decorations, organising, planning and scheduling work and activities ; duration 7.50 years || title waiter/waitress ; skills serving food and drinks, preparing food and drinks, advising on products and services ; duration 4.50 years || education bachelor",prior ESCO title + top three ESCO skill groups + duration; latest education; latest target excluded
288176,train,243136,Marketing Officer,243136,retained_granular_class,R04,2431.10.3,marketing assistant,5169.3,"title escort ; skills accompanying and welcoming people, assisting with personal needs, complying with health and safety procedures ; duration 8.75 years || education bachelor",prior ESCO title + top three ESCO skill groups + duration; latest education; latest target excluded
289940,train,231109,Tutor,231109,retained_granular_class,R10,2359.7,e-learning developer,1212.1,"title employee volunteering programme coordinator ; skills developing professional relationships or networks, promoting products, services, or programs, working in teams ; duration 15.25 years || education bachelor",prior ESCO title + top three ESCO skill groups + duration; latest education; latest target excluded
291874,train,254302,Graphic Designer,254302,retained_granular_class,R06,2166.9,graphic designer,2166.4,"title desktop publisher ; skills organising, planning and scheduling work and activities, using word processing, publishing and presentation software, using digital tools for processing sound and images ; duration 3.50 years || education master",prior ESCO title + top three ESCO skill groups + duration; latest education; latest target excluded
292259,train,242321,Talent Acquisition Consultant,242321,retained_granular_class,R03,2423.6,recruitment consultant,2423.6,"title recruitment consultant ; skills protecting privacy and personal data, recruiting and hiring, developing professional relationships or networks ; duration 4.25 years || education bachelor",prior ESCO title + top three ESCO skill groups + duration; latest education; latest target excluded
296422,train,231109,Tutor,231109,retained_granular_class,R10,2359.10,instructional designer,3432.5;2651.9;2621.6;5131.2,"title set designer ; skills creating artistic designs or performances, complying with health and safety procedures, creating visual displays and decorations ; duration 8.25 years || title sculptor ; skills creating artistic, visual or instructive materials, conducting academic or market research, creating artistic designs or performances ; duration 7.25 years || title exhibition curator ; skills presenting general information, organising, planning and scheduling work and activities, developing solutions ; duration 6.25 years || title waiter/waitress ; skills serving food and drinks, preparing food and drinks, advising on products and services ; duration 6.25 years || education master",prior ESCO title + top three ESCO skill groups + duration; latest education; latest target excluded
296433,train,242321,Talent Acquisition Consultant,242321,retained_granular_class,R03,2423.6,recruitment consultant,3332.1,"title event assistant ; skills planning events and programmes, collaborating and liaising, directing operational activities ; duration 0.50 years || education secondary school",prior ESCO title + top three ESCO skill groups + duration; latest education; latest target excluded
296690,train,412107,Secretary,412107,retained_granular_class,R09,4120.1,secretary,4120.1,"title secretary ; skills performing general clerical and administrative tasks, managing, gathering and storing digital data, communicating with colleagues and clients ; duration 1.25 years || education no tertiary qualification",prior ESCO title + top three ESCO skill groups + duration; latest education; latest target excluded
297694,train,243136,Marketing Officer,243136,retained_granular_class,R04,2431.10.3,marketing assistant,9629.3;9412.1,"title attraction operator ; skills complying with health and safety procedures, monitoring safety or security, installing wooden and metal components ; duration 6.75 years || title kitchen assistant ; skills preparing food and drinks, monitoring operational activities, cleaning interior and exterior of buildings ; duration 3.75 years || education bachelor",prior ESCO title + top three ESCO skill groups + duration; latest education; latest target excluded
299054,train,231109,Tutor,231109,retained_granular_class,R10,2359.11,learning mentor,5223.7.4;3412.4,"title bakery specialised seller ; skills executing financial transactions, providing general assistance to people, storing goods and materials ; duration 3.25 years || title social care worker ; skills providing support to resolve problems, complying with operational procedures, assisting with personal needs ; duration 1.25 years || education bachelor",prior ESCO title + top three ESCO skill groups + duration; latest education; latest target excluded
300129,train,243135,Digital Marketing Executive,243135,retained_granular_class,R04,2431.10.4,online marketer,2166.14,"title stop-motion animator ; skills operating audio-visual equipment, conducting academic or market research, organising, planning and scheduling work and activities ; duration 8.50 years || education master",prior ESCO title + top three ESCO skill groups + duration; latest education; latest target excluded
302270,train,242321,Talent Acquisition Consultant,242321,retained_granular_class,R03,2423.6,recruitment consultant,2423.6,"title recruitment consultant ; skills protecting privacy and personal data, recruiting and hiring, developing professional relationships or networks ; duration 2.50 years || education bachelor",prior ESCO title + top three ESCO skill groups + duration; latest education; latest target excluded
302435,train,431110,Account and Promotion Clerk,431110,retained_granular_class,R07,4311.2,sales support assistant,4225.1,"title customer service representative ; skills entering and transforming information, planning events and programmes, providing general assistance to people ; duration 0.50 years || education no tertiary qualification",prior ESCO title + top three ESCO skill groups + duration; latest education; latest target excluded
302648,train,431118,Billing Clerk,431118,retained_granular_class,R07,4311.1,billing clerk,2643.2,"title interpreter ; skills translating and interpreting, technical or academic writing, using foreign languages ; duration 14.50 years || education bachelor",prior ESCO title + top three ESCO skill groups + duration; latest education; latest target excluded
303935,train,242321,Talent Acquisition Consultant,242321,retained_granular_class,R03,2423.6,recruitment consultant,9412.1,"title kitchen assistant ; skills preparing food and drinks, monitoring operational activities, cleaning interior and exterior of buildings ; duration 6.25 years || education bachelor",prior ESCO title + top three ESCO skill groups + duration; latest education; latest target excluded
304658,train,431110,Account and Promotion Clerk,431110,retained_granular_class,R07,4311.2,sales support assistant,3322.1,"title commercial sales representative ; skills promoting products, services, or programs, developing professional relationships or networks, maintaining operational records ; duration 1.25 years || education bachelor",prior ESCO title + top three ESCO skill groups + duration; latest education; latest target excluded
304959,train,431110,Account and Promotion Clerk,431110,retained_granular_class,R07,4311.2,sales support assistant,0210.3,"title special forces officer ; skills maintaining and enforcing physical security, communicating with colleagues and clients, protecting and enforcing ; duration 2.25 years || education bachelor",prior ESCO title + top three ESCO skill groups + duration; latest education; latest target excluded
30541,train,231109,Tutor,231109,retained_granular_class,R10,2359.9,further education teacher,5131.2;5242.1,"title waiter/waitress ; skills serving food and drinks, preparing food and drinks, advising on products and services ; duration 3.50 years || title promotions demonstrator ; skills promoting products, services, or programs, selling products or services, developing professional relationships or networks ; duration 3.75 years || education bachelor",prior ESCO title + top three ESCO skill groups + duration; latest education; latest target excluded
305487,train,431110,Account and Promotion Clerk,431110,retained_granular_class,R07,4311.2,sales support assistant,5244.1,"title call centre agent ; skills developing solutions, providing general assistance to people, listening and asking questions ; duration 0.50 years || education secondary school",prior ESCO title + top three ESCO skill groups + duration; latest education; latest target excluded
308589,train,252403,Data Analyst,252403,retained_granular_class,R02,2511.12,ICT research consultant,2310.1.5;5419.7;4110.1,"title assistant lecturer ; skills conducting academic or market research, teaching academic or vocational subjects, teaching and training ; duration 7.00 years || title life guard ; skills maintaining and enforcing physical security, practising sports, providing medical, dental and nursing care ; duration 3.50 years || title office clerk ; skills performing general clerical and administrative tasks, managing, gathering and storing digital data, communicating with colleagues and clients ; duration 1.50 years || education master",prior ESCO title + top three ESCO skill groups + duration; latest education; latest target excluded
308613,train,243135,Digital Marketing Executive,243135,retained_granular_class,R04,2431.10.4,online marketer,2431.10.4,"title online marketer ; skills promoting products, services, or programs, developing financial, business or marketing plans, using digital tools for collaboration and productivity ; duration 1.25 years || education bachelor",prior ESCO title + top three ESCO skill groups + duration; latest education; latest target excluded
308761,train,431110,Account and Promotion Clerk,431110,retained_granular_class,R07,4311.2,sales support assistant,4311.2,"title sales support assistant ; skills performing general clerical and administrative tasks, preparing financial documents, records, reports, or budgets, analysing business operations ; duration 1.25 years || education no tertiary qualification",prior ESCO title + top three ESCO skill groups + duration; latest education; latest target excluded
309213,train,242321,Talent Acquisition Consultant,242321,retained_granular_class,R03,2423.6,recruitment consultant,4313.1,"title payroll clerk ; skills performing calculations, managing and administering human resources, preparing financial documents, records, reports, or budgets ; duration 2.50 years || education bachelor",prior ESCO title + top three ESCO skill groups + duration; latest education; latest target excluded
309410,train,243135,Digital Marketing Executive,243135,retained_granular_class,R04,2431.10.4,online marketer,5223.6,"title shop assistant ; skills executing financial transactions, selling products or services, packaging objects ; duration 1.25 years || education master",prior ESCO title + top three ESCO skill groups + duration; latest education; latest target excluded
310401,train,243135,Digital Marketing Executive,243123,merged_to_six_digit_curated_anchor,R04,2431.4,brand manager,3343.1.7,"title supply chain assistant ; skills performing general clerical and administrative tasks, analysing business operations, monitoring operational activities ; duration 11.25 years || education bachelor",prior ESCO title + top three ESCO skill groups + duration; latest education; latest target excluded
31097,train,254302,Graphic Designer,254302,retained_granular_class,R06,2166.9,graphic designer,2166.9,"title graphic designer ; skills creating artistic designs or performances, creating visual displays and decorations, using digital tools for processing sound and images ; duration 0.75 years || education bachelor",prior ESCO title + top three ESCO skill groups + duration; latest education; latest target excluded
311108,train,243121,Business Development Executive,243121,retained_granular_class,R04,2431.6,client relations manager,9329.1,"title factory hand ; skills cleaning interior and exterior of buildings, storing goods and materials, working with machinery and specialised equipment ; duration 5.25 years || education master",prior ESCO title + top three ESCO skill groups + duration; latest education; latest target excluded
311436,train,431110,Account and Promotion Clerk,431110,retained_granular_class,R07,4311.2,sales support assistant,3422.4,"title sports instructor ; skills promoting products, services, or programs, planning events and programmes, monitoring and evaluating the performance of individuals ; duration 2.50 years || education bachelor",prior ESCO title + top three ESCO skill groups + duration; latest education; latest target excluded
314565,train,243121,Business Development Executive,243121,retained_granular_class,R04,2431.6,client relations manager,2642.1.15,"title political journalist ; skills developing professional relationships or networks, using digital tools for processing sound and images, writing and composing ; duration 6.50 years || education master",prior ESCO title + top three ESCO skill groups + duration; latest education; latest target excluded
315320,train,243135,Digital Marketing Executive,243135,retained_granular_class,R04,2431.10.4,online marketer,7533.5,"title sewing machinist ; skills operating machinery for the manufacture and treatment of textiles, fur and leather products, fabricating garments and textile products, evaluating systems, programmes, equipment and products ; duration 3.00 years || education bachelor",prior ESCO title + top three ESCO skill groups + duration; latest education; latest target excluded
316793,train,242321,Talent Acquisition Consultant,242321,retained_granular_class,R03,2423.6,recruitment consultant,7543.9,"title product quality controller ; skills monitoring operational activities, developing operational policies and procedures, analysing business operations ; duration 2.25 years || education secondary school",prior ESCO title + top three ESCO skill groups + duration; latest education; latest target excluded
317997,train,254302,Graphic Designer,254302,retained_granular_class,R06,2166.9,graphic designer,3431.1,"title photographer ; skills operating audio-visual equipment, creating visual displays and decorations, creating artistic designs or performances ; duration 3.75 years || education bachelor",prior ESCO title + top three ESCO skill groups + duration; latest education; latest target excluded
318040,train,243121,Business Development Executive,243121,retained_granular_class,R04,2431.5,business developer,3322.1.2,"title renewable energy sales representative ; skills advising on environmental issues, promoting products, services, or programs, negotiating and managing contracts and agreements ; duration 1.25 years || education bachelor",prior ESCO title + top three ESCO skill groups + duration; latest education; latest target excluded
318779,train,243135,Digital Marketing Executive,243135,retained_granular_class,R04,2431.10.4,online marketer,2431.10.3,"title marketing assistant ; skills performing general clerical and administrative tasks, conducting academic or market research, technical or academic writing ; duration 2.25 years || education master",prior ESCO title + top three ESCO skill groups + duration; latest education; latest target excluded
319,train,243135,Digital Marketing Executive,243135,retained_granular_class,R04,2431.10.4,online marketer,9321.1;3313.1,"title clothing finisher ; skills operating machinery for the manufacture and treatment of textiles, fur and leather products, fabricating garments and textile products, evaluating systems, programmes, equipment and products ; duration 4.25 years || title accounting assistant ; skills preparing financial documents, records, reports, or budgets, executing financial transactions, managing budgets or finances ; duration 1.25 years || education bachelor",prior ESCO title + top three ESCO skill groups + duration; latest education; latest target excluded
319417,train,283302,Translator,283302,retained_granular_class,R05,2643.6,translator,2310.1.4;2651.5,"title art studies lecturer ; skills conducting academic or market research, teaching and training, teaching academic or vocational subjects ; duration 13.50 years || title conceptual artist ; skills creating artistic designs or performances, creating artistic, visual or instructive materials, conducting academic or market research ; duration 13.50 years || education master",prior ESCO title + top three ESCO skill groups + duration; latest education; latest target excluded
320223,train,431118,Billing Clerk,431118,retained_granular_class,R07,4311.1,billing clerk,3313.1,"title accounting assistant ; skills preparing financial documents, records, reports, or budgets, executing financial transactions, managing budgets or finances ; duration 2.25 years || education bachelor",prior ESCO title + top three ESCO skill groups + duration; latest education; latest target excluded
320488,train,254302,Graphic Designer,254302,retained_granular_class,R06,2166.9,graphic designer,2166.9;2166.9,"title graphic designer ; skills creating artistic designs or performances, creating visual displays and decorations, using digital tools for processing sound and images ; duration 4.25 years || title graphic designer ; skills creating artistic designs or performances, creating visual displays and decorations, using digital tools for processing sound and images ; duration 1.25 years || education master",prior ESCO title + top three ESCO skill groups + duration; latest education; latest target excluded
320924,train,243135,Digital Marketing Executive,243135,retained_granular_class,R04,2431.10.4,online marketer,4110.1,"title office clerk ; skills performing general clerical and administrative tasks, managing, gathering and storing digital data, communicating with colleagues and clients ; duration 4.25 years || education bachelor",prior ESCO title + top three ESCO skill groups + duration; latest education; latest target excluded
321369,train,243135,Digital Marketing Executive,243107,merged_to_six_digit_curated_anchor,R04,2431.11,market research analyst,2422.9,"title international relations officer ; skills developing professional relationships or networks, collaborating and liaising, mediating and resolving disputes ; duration 9.50 years || education bachelor",prior ESCO title + top three ESCO skill groups + duration; latest education; latest target excluded
321585,train,431110,Account and Promotion Clerk,431110,retained_granular_class,R07,4311.2,sales support assistant,3332.2,"title event manager ; skills planning events and programmes, maintaining operational records, collaborating and liaising ; duration 0.50 years || education bachelor",prior ESCO title + top three ESCO skill groups + duration; latest education; latest target excluded
322199,train,431110,Account and Promotion Clerk,431110,retained_granular_class,R07,4311.2,sales support assistant,3343.1,"title administrative assistant ; skills performing general clerical and administrative tasks, planning events and programmes, managing, gathering and storing digital data ; duration 2.25 years || education secondary school",prior ESCO title + top three ESCO skill groups + duration; latest education; latest target excluded
323331,train,252403,Data Analyst,252411,merged_to_six_digit_curated_anchor,R02,2511.2,computer vision engineer,5223.7.13,"title delicatessen specialised seller ; skills executing financial transactions, providing general assistance to people, storing goods and materials ; duration 6.25 years || education no tertiary qualification",prior ESCO title + top three ESCO skill groups + duration; latest education; latest target excluded
324012,train,242321,Talent Acquisition Consultant,242321,retained_granular_class,R03,2423.6,recruitment consultant,4110.1,"title office clerk ; skills performing general clerical and administrative tasks, managing, gathering and storing digital data, communicating with colleagues and clients ; duration 1.25 years || education secondary school",prior ESCO title + top three ESCO skill groups + duration; latest education; latest target excluded
324999,train,231109,Tutor,231109,retained_granular_class,R10,2359.10,instructional designer,3343.1,"title administrative assistant ; skills performing general clerical and administrative tasks, planning events and programmes, managing, gathering and storing digital data ; duration 5.25 years || education bachelor",prior ESCO title + top three ESCO skill groups + duration; latest education; latest target excluded
325659,train,251201,Software Developer,251201,retained_granular_class,R01,2512.4,software developer,2519.7;2521.1;2511.3,"title software tester ; skills programming computer systems, designing ict systems or applications, developing solutions ; duration 2.75 years || title database administrator ; skills managing, gathering and storing digital data, protecting ict devices, designing ict systems or applications ; duration 0.75 years || title data analyst ; skills managing, gathering and storing digital data, managing information, gathering information from physical or electronic sources ; duration 0.75 years || education master",prior ESCO title + top three ESCO skill groups + duration; latest education; latest target excluded
325917,train,422207,Customer Contact Centre Information Clerk,422207,retained_granular_class,R08,4222.1,customer contact centre information clerk,4223.1,"title telephone switchboard operator ; skills maintaining electrical, electronic and precision equipment, providing information to the public and clients, performing general clerical and administrative tasks ; duration 1.00 years || education secondary school",prior ESCO title + top three ESCO skill groups + duration; latest education; latest target excluded
326673,train,422207,Customer Contact Centre Information Clerk,422207,retained_granular_class,R08,4222.1,customer contact centre information clerk,3341.2,"title call centre quality auditor ; skills giving feedback, analysing business operations, training on operational procedures ; duration 0.50 years || education bachelor",prior ESCO title + top three ESCO skill groups + duration; latest education; latest target excluded
327729,train,431118,Billing Clerk,431118,retained_granular_class,R07,4311.1,billing clerk,3313.2,"title bookkeeper ; skills preparing financial documents, records, reports, or budgets, executing financial transactions, managing budgets or finances ; duration 1.25 years || education bachelor",prior ESCO title + top three ESCO skill groups + duration; latest education; latest target excluded
328018,train,254316,Digital Designer,254316,retained_granular_class,R06,2166.7,digital media designer,1219.6,"title project manager ; skills planning events and programmes, allocating and controlling physical resources, technical or academic writing ; duration 1.00 years || education master",prior ESCO title + top three ESCO skill groups + duration; latest education; latest target excluded
328121,train,242321,Talent Acquisition Consultant,242321,retained_granular_class,R03,2423.6,recruitment consultant,5223.5,"title sales processor ; skills managing, gathering and storing digital data, entering and transforming information, organising, planning and scheduling work and activities ; duration 3.25 years || education master",prior ESCO title + top three ESCO skill groups + duration; latest education; latest target excluded
328416,train,231109,Tutor,231109,retained_granular_class,R10,2359.8,educational counsellor,2359.2,"title academic support officer ; skills monitoring and evaluating the performance of individuals, planning events and programmes, teaching academic or vocational subjects ; duration 19.25 years || education master",prior ESCO title + top three ESCO skill groups + duration; latest education; latest target excluded
328769,train,431110,Account and Promotion Clerk,431110,retained_granular_class,R07,4311.2,sales support assistant,2635.3.18;5131.1,"title migrant social worker ; skills advocating for individual or community needs, complying with operational procedures, developing professional relationships or networks ; duration 7.75 years || title restaurant host/restaurant hostess ; skills accompanying and welcoming people, advising on products and services, promoting products, services, or programs ; duration 7.75 years || education bachelor",prior ESCO title + top three ESCO skill groups + duration; latest education; latest target excluded
329173,train,254302,Graphic Designer,254302,retained_granular_class,R06,2166.9,graphic designer,5131.1,"title restaurant host/restaurant hostess ; skills accompanying and welcoming people, advising on products and services, promoting products, services, or programs ; duration 4.50 years || education secondary school",prior ESCO title + top three ESCO skill groups + duration; latest education; latest target excluded
329540,train,431110,Account and Promotion Clerk,431110,retained_granular_class,R07,4311.2,sales support assistant,1219.1,"title business service manager ; skills performing general clerical and administrative tasks, negotiating and managing contracts and agreements, managing budgets or finances ; duration 26.25 years || education bachelor",prior ESCO title + top three ESCO skill groups + duration; latest education; latest target excluded
33047,train,412107,Secretary,412107,retained_granular_class,R09,4120.1,secretary,2330.1.18;2330.1.2,"title science teacher secondary school ; skills monitoring and evaluating the performance of individuals, teaching and training, coaching and mentoring ; duration 1.00 years || title biology teacher secondary school ; skills monitoring and evaluating the performance of individuals, teaching and training, coaching and mentoring ; duration 1.00 years || education master",prior ESCO title + top three ESCO skill groups + duration; latest education; latest target excluded
331057,train,431110,Account and Promotion Clerk,431110,retained_granular_class,R07,4311.2,sales support assistant,5223.6;5230.1;4311.2,"title shop assistant ; skills executing financial transactions, selling products or services, packaging objects ; duration 1.25 years || title cashier ; skills executing financial transactions, performing calculations, promoting products, services, or programs ; duration 0.50 years || title sales support assistant ; skills performing general clerical and administrative tasks, preparing financial documents, records, reports, or budgets, analysing business operations ; duration 0.75 years || education secondary school",prior ESCO title + top three ESCO skill groups + duration; latest education; latest target excluded
331367,train,231109,Tutor,231109,retained_granular_class,R10,2359.11,learning mentor,3423.1;1341.1,"title activity leader ; skills planning events and programmes, caring for children, performing risk analysis and management ; duration 4.75 years || title child care coordinator ; skills caring for children, planning events and programmes, maintaining and enforcing physical security ; duration 1.75 years || education no tertiary qualification",prior ESCO title + top three ESCO skill groups + duration; latest education; latest target excluded
332930,train,431118,Billing Clerk,431118,retained_granular_class,R07,4311.1,billing clerk,3323.2.2,"title ict buyer ; skills negotiating and managing contracts and agreements, developing professional relationships or networks, purchasing goods or services ; duration 21.25 years || education secondary school",prior ESCO title + top three ESCO skill groups + duration; latest education; latest target excluded
333192,train,252416,Business Data Analyst,252416,retained_granular_class,R02,2511.10,ICT consultant,2635.3.15,"title homelessness worker ; skills advocating for individual or community needs, developing professional relationships or networks, complying with operational procedures ; duration 8.25 years || education bachelor",prior ESCO title + top three ESCO skill groups + duration; latest education; latest target excluded
333363,train,243136,Marketing Officer,243136,retained_granular_class,R04,2431.10.3,marketing assistant,3257.5.1,"title healthcare inspector ; skills complying with health and safety procedures, monitoring safety or security, performing risk analysis and management ; duration 10.75 years || education secondary school",prior ESCO title + top three ESCO skill groups + duration; latest education; latest target excluded
333559,train,254316,Digital Designer,254316,retained_granular_class,R06,2166.7,digital media designer,2431.10.4,"title online marketer ; skills promoting products, services, or programs, developing financial, business or marketing plans, using digital tools for collaboration and productivity ; duration 8.75 years || education bachelor",prior ESCO title + top three ESCO skill groups + duration; latest education; latest target excluded
334594,train,422207,Customer Contact Centre Information Clerk,422207,retained_granular_class,R08,4222.1,customer contact centre information clerk,2431.6,"title client relations manager ; skills developing professional relationships or networks, analysing business operations, directing operational activities ; duration 2.25 years || education bachelor",prior ESCO title + top three ESCO skill groups + duration; latest education; latest target excluded
336971,train,243135,Digital Marketing Executive,243135,retained_granular_class,R04,2431.10.4,online marketer,2513.4,"title web content manager ; skills managing, gathering and storing digital data, using digital tools for collaboration and productivity, ensuring compliance with legislation ; duration 2.75 years || education master",prior ESCO title + top three ESCO skill groups + duration; latest education; latest target excluded
337121,train,422207,Customer Contact Centre Information Clerk,422207,retained_granular_class,R08,4222.1,customer contact centre information clerk,5223.7.4,"title bakery specialised seller ; skills executing financial transactions, providing general assistance to people, storing goods and materials ; duration 9.25 years || education secondary school",prior ESCO title + top three ESCO skill groups + duration; latest education; latest target excluded
338290,train,243121,Business Development Executive,243121,retained_granular_class,R04,2431.6,client relations manager,4211.2,"title post office counter clerk ; skills executing financial transactions, promoting products, services, or programs, selling products or services ; duration 14.75 years || education master",prior ESCO title + top three ESCO skill groups + duration; latest education; latest target excluded
338507,train,242321,Talent Acquisition Consultant,242321,retained_granular_class,R03,2423.6,recruitment consultant,3343.1.7,"title supply chain assistant ; skills performing general clerical and administrative tasks, analysing business operations, monitoring operational activities ; duration 2.50 years || education bachelor",prior ESCO title + top three ESCO skill groups + duration; latest education; latest target excluded
339857,train,254302,Graphic Designer,254302,retained_granular_class,R06,2166.9,graphic designer,2166.9,"title graphic designer ; skills creating artistic designs or performances, creating visual displays and decorations, using digital tools for processing sound and images ; duration 1.25 years || education bachelor",prior ESCO title + top three ESCO skill groups + duration; latest education; latest target excluded
341145,train,242321,Talent Acquisition Consultant,242321,retained_granular_class,R03,2423.6,recruitment consultant,2423.6,"title recruitment consultant ; skills protecting privacy and personal data, recruiting and hiring, developing professional relationships or networks ; duration 1.25 years || education bachelor",prior ESCO title + top three ESCO skill groups + duration; latest education; latest target excluded
341420,train,412107,Secretary,412107,retained_granular_class,R09,4120.1,secretary,2320.1.13;2330.1.2;2310.1.37,"title food service vocational teacher ; skills preparing food and drinks, monitoring and evaluating the performance of individuals, coaching and mentoring ; duration 1.25 years || title biology teacher secondary school ; skills monitoring and evaluating the performance of individuals, teaching and training, coaching and mentoring ; duration 1.25 years || title social work lecturer ; skills conducting academic or market research, complying with operational procedures, developing professional relationships or networks ; duration 0.50 years || education bachelor",prior ESCO title + top three ESCO skill groups + duration; latest education; latest target excluded
342357,train,251201,Software Developer,251206,merged_to_six_digit_curated_anchor,R01,2512.5,user interface developer,1212.1,"title employee volunteering programme coordinator ; skills developing professional relationships or networks, promoting products, services, or programs, working in teams ; duration 2.25 years || education master",prior ESCO title + top three ESCO skill groups + duration; latest education; latest target excluded
343111,train,242321,Talent Acquisition Consultant,242321,retained_granular_class,R03,2423.6,recruitment consultant,4226.1,"title receptionist ; skills performing general clerical and administrative tasks, maintaining operational records, developing professional relationships or networks ; duration 1.25 years || education bachelor",prior ESCO title + top three ESCO skill groups + duration; latest education; latest target excluded
343673,train,431110,Account and Promotion Clerk,431110,retained_granular_class,R07,4311.2,sales support assistant,3257.3;1219.4,"title food safety inspector ; skills complying with health and safety procedures, monitoring, inspecting and testing, ensuring compliance with legislation ; duration 4.00 years || title department manager ; skills developing financial, business or marketing plans, complying with operational procedures, collaborating and liaising ; duration 1.25 years || education bachelor",prior ESCO title + top three ESCO skill groups + duration; latest education; latest target excluded
344307,train,431110,Account and Promotion Clerk,431110,retained_granular_class,R07,4311.2,sales support assistant,2431.10.4;2431.10.4,"title online marketer ; skills promoting products, services, or programs, developing financial, business or marketing plans, using digital tools for collaboration and productivity ; duration 5.25 years || title online marketer ; skills promoting products, services, or programs, developing financial, business or marketing plans, using digital tools for collaboration and productivity ; duration 3.00 years || education bachelor",prior ESCO title + top three ESCO skill groups + duration; latest education; latest target excluded
344381,train,412107,Secretary,412107,retained_granular_class,R09,4120.1,secretary,3343.1,"title administrative assistant ; skills performing general clerical and administrative tasks, planning events and programmes, managing, gathering and storing digital data ; duration 5.25 years || education bachelor",prior ESCO title + top three ESCO skill groups + duration; latest education; latest target excluded
344419,train,252416,Business Data Analyst,252416,retained_granular_class,R02,2511.10,ICT consultant,5223.6,"title shop assistant ; skills executing financial transactions, selling products or services, packaging objects ; duration 3.50 years || education secondary school",prior ESCO title + top three ESCO skill groups + duration; latest education; latest target excluded
344689,train,431118,Billing Clerk,431118,retained_granular_class,R07,4311.1,billing clerk,5230.1,"title cashier ; skills executing financial transactions, performing calculations, promoting products, services, or programs ; duration 1.25 years || education no tertiary qualification",prior ESCO title + top three ESCO skill groups + duration; latest education; latest target excluded
344864,train,412107,Secretary,412107,retained_granular_class,R09,4120.1,secretary,3343.1,"title administrative assistant ; skills performing general clerical and administrative tasks, planning events and programmes, managing, gathering and storing digital data ; duration 1.25 years || education bachelor",prior ESCO title + top three ESCO skill groups + duration; latest education; latest target excluded
345839,train,254309,Character Designer,254309,retained_granular_class,R06,2166.14,stop-motion animator,3343.1;2653.1;2653.1;2653.1,"title administrative assistant ; skills performing general clerical and administrative tasks, planning events and programmes, managing, gathering and storing digital data ; duration 4.00 years || title choreographer ; skills creating artistic designs or performances, performing artistic or cultural activities, leading and motivating ; duration 3.25 years || title choreographer ; skills creating artistic designs or performances, performing artistic or cultural activities, leading and motivating ; duration 2.25 years || title choreographer ; skills creating artistic designs or performances, performing artistic or cultural activities, leading and motivating ; duration 1.75 years || education bachelor",prior ESCO title + top three ESCO skill groups + duration; latest education; latest target excluded
346758,train,231109,Tutor,231109,retained_granular_class,R10,2359.14,tutor,3422.3.1;2341.1;3422.3.1,"title football coach ; skills coaching and mentoring, practising sports, supervising a team or group ; duration 13.50 years || title primary school teacher ; skills monitoring and evaluating the performance of individuals, coaching and mentoring, caring for children ; duration 3.25 years || title football coach ; skills coaching and mentoring, practising sports, supervising a team or group ; duration 2.50 years || education master",prior ESCO title + top three ESCO skill groups + duration; latest education; latest target excluded
347071,train,231109,Tutor,231109,retained_granular_class,R10,2359.4,assessor of prior learning,2330.1.17,"title religious education teacher at secondary school ; skills monitoring and evaluating the performance of individuals, teaching and training, collaborating and liaising ; duration 0.50 years || education bachelor",prior ESCO title + top three ESCO skill groups + duration; latest education; latest target excluded
351123,train,431110,Account and Promotion Clerk,431110,retained_granular_class,R07,4311.2,sales support assistant,2266.1,"title audiologist ; skills providing medical advice, operating medical equipment, complying with health and safety procedures ; duration 24.75 years || education bachelor",prior ESCO title + top three ESCO skill groups + duration; latest education; latest target excluded
35124,train,431110,Account and Promotion Clerk,431110,retained_granular_class,R07,4311.2,sales support assistant,3339.4,"title promoter ; skills planning events and programmes, promoting products, services, or programs, developing professional relationships or networks ; duration 8.75 years || education bachelor",prior ESCO title + top three ESCO skill groups + duration; latest education; latest target excluded
354285,train,243136,Marketing Officer,243136,retained_granular_class,R04,2431.10.3,marketing assistant,5223.6,"title shop assistant ; skills executing financial transactions, selling products or services, packaging objects ; duration 0.75 years || education no tertiary qualification",prior ESCO title + top three ESCO skill groups + duration; latest education; latest target excluded
354840,train,243136,Marketing Officer,243136,retained_granular_class,R04,2431.10.3,marketing assistant,4311.2,"title sales support assistant ; skills performing general clerical and administrative tasks, preparing financial documents, records, reports, or budgets, analysing business operations ; duration 0.50 years || education master",prior ESCO title + top three ESCO skill groups + duration; latest education; latest target excluded
355881,train,242323,Human Resource Officer,242305,merged_to_six_digit_curated_anchor,R03,2423.5,occupational analyst,5223.6,"title shop assistant ; skills executing financial transactions, selling products or services, packaging objects ; duration 0.50 years || education master",prior ESCO title + top three ESCO skill groups + duration; latest education; latest target excluded
357100,train,412107,Secretary,412107,retained_granular_class,R09,4120.1,secretary,1341.1,"title child care coordinator ; skills caring for children, planning events and programmes, maintaining and enforcing physical security ; duration 8.00 years || education secondary school",prior ESCO title + top three ESCO skill groups + duration; latest education; latest target excluded
357166,train,243135,Digital Marketing Executive,243135,retained_granular_class,R04,2431.10.4,online marketer,2166.9,"title graphic designer ; skills creating artistic designs or performances, creating visual displays and decorations, using digital tools for processing sound and images ; duration 5.25 years || education bachelor",prior ESCO title + top three ESCO skill groups + duration; latest education; latest target excluded
357444,train,243135,Digital Marketing Executive,243114,merged_to_six_digit_curated_anchor,R04,2431.15,product and services manager,1420.3,"title sales account manager ; skills promoting products, services, or programs, negotiating and managing contracts and agreements, maintaining operational records ; duration 8.25 years || education bachelor",prior ESCO title + top three ESCO skill groups + duration; latest education; latest target excluded
357484,train,254302,Graphic Designer,254307,merged_to_six_digit_curated_anchor,R06,2166.1,3D modeller,2166.7,"title digital media designer ; skills managing, gathering and storing digital data, using digital tools for processing sound and images, using digital tools for collaboration and productivity ; duration 3.25 years || education bachelor",prior ESCO title + top three ESCO skill groups + duration; latest education; latest target excluded
359235,train,431118,Billing Clerk,431118,retained_granular_class,R07,4311.1,billing clerk,4225.1;4223.1,"title customer service representative ; skills entering and transforming information, planning events and programmes, providing general assistance to people ; duration 1.25 years || title telephone switchboard operator ; skills maintaining electrical, electronic and precision equipment, providing information to the public and clients, performing general clerical and administrative tasks ; duration 0.50 years || education bachelor",prior ESCO title + top three ESCO skill groups + duration; latest education; latest target excluded
359634,train,231109,Tutor,231109,retained_granular_class,R10,2359.11,learning mentor,1345.1.2;1324.3.1.5;2341.1,"title deputy head teacher ; skills monitoring and evaluating the performance of individuals, developing professional relationships or networks, technical or academic writing ; duration 7.25 years || title road transport division manager ; skills planning production processes, managing transport and logistics activities, supervising a team or group ; duration 6.25 years || title primary school teacher ; skills monitoring and evaluating the performance of individuals, coaching and mentoring, caring for children ; duration 1.25 years || education bachelor",prior ESCO title + top three ESCO skill groups + duration; latest education; latest target excluded
360496,train,412107,Secretary,412107,retained_granular_class,R09,4120.1,secretary,3344.1,"title medical administrative assistant ; skills entering and transforming information, planning events and programmes, performing general clerical and administrative tasks ; duration 1.25 years || education secondary school",prior ESCO title + top three ESCO skill groups + duration; latest education; latest target excluded
360868,train,431110,Account and Promotion Clerk,431110,retained_granular_class,R07,4311.2,sales support assistant,5131.1,"title restaurant host/restaurant hostess ; skills accompanying and welcoming people, advising on products and services, promoting products, services, or programs ; duration 11.25 years || education bachelor",prior ESCO title + top three ESCO skill groups + duration; latest education; latest target excluded
360891,train,254309,Character Designer,254309,retained_granular_class,R06,2166.14,stop-motion animator,2166.14,"title stop-motion animator ; skills operating audio-visual equipment, conducting academic or market research, organising, planning and scheduling work and activities ; duration 7.75 years || education bachelor",prior ESCO title + top three ESCO skill groups + duration; latest education; latest target excluded
364187,train,431118,Billing Clerk,431118,retained_granular_class,R07,4311.1,billing clerk,3313.1,"title accounting assistant ; skills preparing financial documents, records, reports, or budgets, executing financial transactions, managing budgets or finances ; duration 1.25 years || education secondary school",prior ESCO title + top three ESCO skill groups + duration; latest education; latest target excluded
364378,train,251201,Software Developer,251201,retained_granular_class,R01,2512.4,software developer,8331.1,"title bus driver ; skills driving vehicles, developing solutions, communicating with colleagues and clients ; duration 6.25 years || education master",prior ESCO title + top three ESCO skill groups + duration; latest education; latest target excluded
36455,train,242323,Human Resource Officer,242310,merged_to_six_digit_curated_anchor,R03,2423.4,labour relations officer,1420.4,"title shop manager ; skills promoting products, services, or programs, purchasing goods or services, developing professional relationships or networks ; duration 14.75 years || education bachelor",prior ESCO title + top three ESCO skill groups + duration; latest education; latest target excluded
36519,train,422207,Customer Contact Centre Information Clerk,422207,retained_granular_class,R08,4222.1,customer contact centre information clerk,5244.1,"title call centre agent ; skills developing solutions, providing general assistance to people, listening and asking questions ; duration 1.25 years || education master",prior ESCO title + top three ESCO skill groups + duration; latest education; latest target excluded
365575,train,243136,Marketing Officer,243136,retained_granular_class,R04,2431.10.3,marketing assistant,2431.10.1,"title advertising media planner ; skills conducting academic or market research, working in teams, planning events and programmes ; duration 1.50 years || education master",prior ESCO title + top three ESCO skill groups + duration; latest education; latest target excluded
365896,train,254302,Graphic Designer,254302,retained_granular_class,R06,2166.9,graphic designer,5311.1,"title child care worker ; skills caring for children, collaborating and liaising, communication, collaboration and creativity ; duration 8.25 years || education bachelor",prior ESCO title + top three ESCO skill groups + duration; latest education; latest target excluded
366084,train,283302,Translator,283302,retained_granular_class,R05,2643.6.1,localiser,2359.10;2432.4,"title instructional designer ; skills using digital tools for collaboration and productivity, teaching and training, managing information ; duration 5.75 years || title intercultural communication consultant ; skills implementing new procedures or processes, advising and consulting, conducting academic or market research ; duration 1.75 years || education bachelor",prior ESCO title + top three ESCO skill groups + duration; latest education; latest target excluded
366862,train,431118,Billing Clerk,431118,retained_granular_class,R07,4311.1,billing clerk,3315.5,"title loss adjuster ; skills mediating and resolving disputes, analysing and evaluating information and data, monitoring quality of products ; duration 0.75 years || education bachelor",prior ESCO title + top three ESCO skill groups + duration; latest education; latest target excluded
369061,train,412107,Secretary,412107,retained_granular_class,R09,4120.1,secretary,5321.1,"title healthcare assistant ; skills providing medical advice, working in teams, complying with health and safety procedures ; duration 6.75 years || education secondary school",prior ESCO title + top three ESCO skill groups + duration; latest education; latest target excluded
369828,train,254309,Character Designer,254309,retained_granular_class,R06,2166.14,stop-motion animator,7126.13,"title water conservation technician ; skills installing plumbing or piping equipment or systems, complying with health and safety procedures, monitoring quality of products ; duration 3.25 years || education secondary school",prior ESCO title + top three ESCO skill groups + duration; latest education; latest target excluded
372205,train,243135,Digital Marketing Executive,243135,retained_granular_class,R04,2431.10.4,online marketer,2635.3.17;2642.1.4,"title mental health social worker ; skills advocating for individual or community needs, developing professional relationships or networks, monitoring and evaluating the performance of individuals ; duration 3.25 years || title columnist ; skills developing professional relationships or networks, writing and composing, gathering information from physical or electronic sources ; duration 3.25 years || education bachelor",prior ESCO title + top three ESCO skill groups + duration; latest education; latest target excluded
373184,train,431118,Billing Clerk,431118,retained_granular_class,R07,4311.1,billing clerk,5311.1,"title child care worker ; skills caring for children, collaborating and liaising, communication, collaboration and creativity ; duration 1.25 years || education no tertiary qualification",prior ESCO title + top three ESCO skill groups + duration; latest education; latest target excluded
374063,train,431110,Account and Promotion Clerk,431110,retained_granular_class,R07,4311.2,sales support assistant,4226.1,"title receptionist ; skills performing general clerical and administrative tasks, maintaining operational records, developing professional relationships or networks ; duration 3.25 years || education secondary school",prior ESCO title + top three ESCO skill groups + duration; latest education; latest target excluded
374077,train,431118,Billing Clerk,431118,retained_granular_class,R07,4311.1,billing clerk,4412.2;3343.1,"title postman/postwoman ; skills protecting privacy and personal data, developing professional relationships or networks, accepting feedback ; duration 1.25 years || title administrative assistant ; skills performing general clerical and administrative tasks, planning events and programmes, managing, gathering and storing digital data ; duration 0.50 years || education secondary school",prior ESCO title + top three ESCO skill groups + duration; latest education; latest target excluded
374638,train,242321,Talent Acquisition Consultant,242321,retained_granular_class,R03,2423.6,recruitment consultant,7422.3.1,"title mobile phone repair technician ; skills developing solutions, installing and repairing electrical, electronic and precision equipment, maintaining operational records ; duration 2.75 years || education no tertiary qualification",prior ESCO title + top three ESCO skill groups + duration; latest education; latest target excluded
376416,train,243121,Business Development Executive,243121,retained_granular_class,R04,2431.6,client relations manager,3257.3;2330.1,"title food safety inspector ; skills complying with health and safety procedures, monitoring, inspecting and testing, ensuring compliance with legislation ; duration 2.25 years || title secondary school teacher ; skills teaching academic or vocational subjects, monitoring and evaluating the performance of individuals, teaching and training ; duration 0.50 years || education bachelor",prior ESCO title + top three ESCO skill groups + duration; latest education; latest target excluded
378093,train,422207,Customer Contact Centre Information Clerk,422207,retained_granular_class,R08,4222.1,customer contact centre information clerk,3343.1.7,"title supply chain assistant ; skills performing general clerical and administrative tasks, analysing business operations, monitoring operational activities ; duration 0.50 years || education bachelor",prior ESCO title + top three ESCO skill groups + duration; latest education; latest target excluded
381205,train,254316,Digital Designer,254316,retained_granular_class,R06,2166.7,digital media designer,2166.9,"title graphic designer ; skills creating artistic designs or performances, creating visual displays and decorations, using digital tools for processing sound and images ; duration 3.50 years || education bachelor",prior ESCO title + top three ESCO skill groups + duration; latest education; latest target excluded
381516,train,252403,Data Analyst,252406,merged_to_six_digit_curated_anchor,R02,2511.6,enterprise architect,1112.7,"title secretary general ; skills developing professional relationships or networks, collaborating and liaising, mediating and resolving disputes ; duration 9.25 years || education master",prior ESCO title + top three ESCO skill groups + duration; latest education; latest target excluded
381567,train,412107,Secretary,412107,retained_granular_class,R09,4120.1,secretary,3324.1,"title commodity broker ; skills negotiating and managing contracts and agreements, analysing financial and economic data, providing financial advice ; duration 0.50 years || education no tertiary qualification",prior ESCO title + top three ESCO skill groups + duration; latest education; latest target excluded
381678,train,431110,Account and Promotion Clerk,431110,retained_granular_class,R07,4311.2,sales support assistant,5223.5;3343.1.2,"title sales processor ; skills managing, gathering and storing digital data, entering and transforming information, organising, planning and scheduling work and activities ; duration 3.50 years || title education administrator ; skills performing general clerical and administrative tasks, managing budgets or finances, executing financial transactions ; duration 0.50 years || education secondary school",prior ESCO title + top three ESCO skill groups + duration; latest education; latest target excluded
381679,train,283302,Translator,283302,retained_granular_class,R05,2643.6,translator,9411.2;3213.1,"title quick service restaurant crew member ; skills preparing food and drinks, selling products or services, executing financial transactions ; duration 4.25 years || title pharmacy assistant ; skills providing medical advice, complying with operational procedures, complying with health and safety procedures ; duration 1.25 years || education bachelor",prior ESCO title + top three ESCO skill groups + duration; latest education; latest target excluded
384000,train,243135,Digital Marketing Executive,243107,merged_to_six_digit_curated_anchor,R04,2431.11,market research analyst,2431.11,"title market research analyst ; skills conducting academic or market research, analysing financial and economic data, identifying opportunities ; duration 3.50 years || education master",prior ESCO title + top three ESCO skill groups + duration; latest education; latest target excluded
385389,train,431110,Account and Promotion Clerk,431110,retained_granular_class,R07,4311.2,sales support assistant,3343.1.2,"title education administrator ; skills performing general clerical and administrative tasks, managing budgets or finances, executing financial transactions ; duration 1.25 years || education no tertiary qualification",prior ESCO title + top three ESCO skill groups + duration; latest education; latest target excluded
385945,train,431110,Account and Promotion Clerk,431110,retained_granular_class,R07,4311.2,sales support assistant,3432.1,"title interior designer ; skills monitoring developments in area of expertise, creating visual displays and decorations, creating artistic designs or performances ; duration 3.25 years || education bachelor",prior ESCO title + top three ESCO skill groups + duration; latest education; latest target excluded
386548,train,243121,Business Development Executive,243121,retained_granular_class,R04,2431.5,business developer,2434.2,"title ict business development manager ; skills monitoring developments in area of expertise, analysing business operations, presenting general information ; duration 2.25 years || education bachelor",prior ESCO title + top three ESCO skill groups + duration; latest education; latest target excluded
388176,train,254302,Graphic Designer,254302,retained_granular_class,R06,2166.9,graphic designer,2166.9,"title graphic designer ; skills creating artistic designs or performances, creating visual displays and decorations, using digital tools for processing sound and images ; duration 19.75 years || education secondary school",prior ESCO title + top three ESCO skill groups + duration; latest education; latest target excluded
388304,train,231109,Tutor,231109,retained_granular_class,R10,2359.14,tutor,2330.1.12,"title modern languages teacher secondary school ; skills teaching and training, monitoring and evaluating the performance of individuals, coaching and mentoring ; duration 1.25 years || education bachelor",prior ESCO title + top three ESCO skill groups + duration; latest education; latest target excluded
388424,train,243135,Digital Marketing Executive,243135,retained_granular_class,R04,2431.10.4,online marketer,4227.1;1324.3,"title market research interviewer ; skills interviewing, conducting academic or market research, communication, collaboration and creativity ; duration 0.50 years || title logistics and distribution manager ; skills analysing business operations, managing transport and logistics activities, collaborating and liaising ; duration 0.50 years || education master",prior ESCO title + top three ESCO skill groups + duration; latest education; latest target excluded
388996,train,231109,Tutor,231109,retained_granular_class,R10,2359.7,e-learning developer,5312.3,"title secondary school teaching assistant ; skills monitoring and evaluating the performance of individuals, coaching and mentoring, teaching and training ; duration 0.50 years || education bachelor",prior ESCO title + top three ESCO skill groups + duration; latest education; latest target excluded
389112,train,254316,Digital Designer,254316,retained_granular_class,R06,2166.5,digital artist,1349.8,"title commercial art gallery manager ; skills promoting products, services, or programs, developing professional relationships or networks, identifying opportunities ; duration 2.25 years || education master",prior ESCO title + top three ESCO skill groups + duration; latest education; latest target excluded
389190,train,251201,Software Developer,251201,retained_granular_class,R01,2512.4,software developer,2513.1,"title digital games developer ; skills programming computer systems, designing ict systems or applications, performing calculations ; duration 3.50 years || education bachelor",prior ESCO title + top three ESCO skill groups + duration; latest education; latest target excluded
390247,train,412107,Secretary,412107,retained_granular_class,R09,4120.1,secretary,3343.1.7,"title supply chain assistant ; skills performing general clerical and administrative tasks, analysing business operations, monitoring operational activities ; duration 1.25 years || education master",prior ESCO title + top three ESCO skill groups + duration; latest education; latest target excluded
391290,train,431110,Account and Promotion Clerk,431110,retained_granular_class,R07,4311.2,sales support assistant,5244.1;1219.6,"title call centre agent ; skills developing solutions, providing general assistance to people, listening and asking questions ; duration 1.75 years || title project manager ; skills planning events and programmes, allocating and controlling physical resources, technical or academic writing ; duration 1.50 years || education secondary school",prior ESCO title + top three ESCO skill groups + duration; latest education; latest target excluded
391686,train,242321,Talent Acquisition Consultant,242321,retained_granular_class,R03,2423.6,recruitment consultant,2423.6,"title recruitment consultant ; skills protecting privacy and personal data, recruiting and hiring, developing professional relationships or networks ; duration 1.25 years || education no tertiary qualification",prior ESCO title + top three ESCO skill groups + duration; latest education; latest target excluded
391965,train,412107,Secretary,412107,retained_granular_class,R09,4120.1,secretary,2330.1.12;2330.1.12,"title modern languages teacher secondary school ; skills teaching and training, monitoring and evaluating the performance of individuals, coaching and mentoring ; duration 1.25 years || title modern languages teacher secondary school ; skills teaching and training, monitoring and evaluating the performance of individuals, coaching and mentoring ; duration 0.50 years || education bachelor",prior ESCO title + top three ESCO skill groups + duration; latest education; latest target excluded
394787,train,431118,Billing Clerk,431118,retained_granular_class,R07,4311.1,billing clerk,4110.1.1,"title membership administrator ; skills performing general clerical and administrative tasks, communication, collaboration and creativity, supervising a team or group ; duration 1.25 years || education secondary school",prior ESCO title + top three ESCO skill groups + duration; latest education; latest target excluded
39483,train,242321,Talent Acquisition Consultant,242321,retained_granular_class,R03,2423.6,recruitment consultant,2166.9,"title graphic designer ; skills creating artistic designs or performances, creating visual displays and decorations, using digital tools for processing sound and images ; duration 1.75 years || education bachelor",prior ESCO title + top three ESCO skill groups + duration; latest education; latest target excluded
395588,train,243135,Digital Marketing Executive,243114,merged_to_six_digit_curated_anchor,R04,2431.15,product and services manager,3258.1,"title emergency ambulance driver ; skills assisting people with mobility, complying with health and safety procedures, providing medical, dental and nursing care ; duration 17.50 years || education master",prior ESCO title + top three ESCO skill groups + duration; latest education; latest target excluded
395795,train,254309,Character Designer,254309,retained_granular_class,R06,2166.14,stop-motion animator,1341.3,"title nursery school head teacher ; skills monitoring and evaluating the performance of individuals, caring for children, supervising a team or group ; duration 1.25 years || education bachelor",prior ESCO title + top three ESCO skill groups + duration; latest education; latest target excluded
399654,train,254316,Digital Designer,254316,retained_granular_class,R06,2166.7,digital media designer,2513.5;5419.6,"title web developer ; skills programming computer systems, using digital tools for collaboration and productivity, designing ict systems or applications ; duration 4.75 years || title emergency response worker ; skills maintaining and enforcing physical security, complying with environmental protection laws and standards, handling and disposing of hazardous materials ; duration 3.75 years || education bachelor",prior ESCO title + top three ESCO skill groups + duration; latest education; latest target excluded
400416,train,412107,Secretary,412107,retained_granular_class,R09,4120.1,secretary,2423.3,"title human resources officer ; skills complying with operational procedures, managing and administering human resources, monitoring and evaluating the performance of individuals ; duration 1.25 years || education bachelor",prior ESCO title + top three ESCO skill groups + duration; latest education; latest target excluded
401388,train,231109,Tutor,231109,retained_granular_class,R10,2359.1,academic advisor,4221.6;5312.2;5312.3,"title tour organiser ; skills developing professional relationships or networks, promoting products, services, or programs, planning events and programmes ; duration 3.00 years || title primary school teaching assistant ; skills caring for children, monitoring and evaluating the performance of individuals, coaching and mentoring ; duration 3.00 years || title secondary school teaching assistant ; skills monitoring and evaluating the performance of individuals, coaching and mentoring, teaching and training ; duration 3.00 years || education bachelor",prior ESCO title + top three ESCO skill groups + duration; latest education; latest target excluded
401501,train,243136,Marketing Officer,243136,retained_granular_class,R04,2431.10.3,marketing assistant,3343.1,"title administrative assistant ; skills performing general clerical and administrative tasks, planning events and programmes, managing, gathering and storing digital data ; duration 8.00 years || education secondary school",prior ESCO title + top three ESCO skill groups + duration; latest education; latest target excluded
402879,train,242321,Talent Acquisition Consultant,242321,retained_granular_class,R03,2423.6,recruitment consultant,2423.6,"title recruitment consultant ; skills protecting privacy and personal data, recruiting and hiring, developing professional relationships or networks ; duration 3.25 years || education bachelor",prior ESCO title + top three ESCO skill groups + duration; latest education; latest target excluded
403521,train,412107,Secretary,412107,retained_granular_class,R09,4120.1,secretary,4120.1;3313.1;3343.4,"title secretary ; skills performing general clerical and administrative tasks, managing, gathering and storing digital data, communicating with colleagues and clients ; duration 0.50 years || title accounting assistant ; skills preparing financial documents, records, reports, or budgets, executing financial transactions, managing budgets or finances ; duration 15.00 years || title management assistant ; skills performing general clerical and administrative tasks, communicating with colleagues and clients, technical or academic writing ; duration 3.50 years || education no tertiary qualification",prior ESCO title + top three ESCO skill groups + duration; latest education; latest target excluded
404069,train,254302,Graphic Designer,254302,retained_granular_class,R06,2166.9,graphic designer,7316.4,"title sign maker ; skills creating artistic designs or performances, working in teams, performing calculations ; duration 10.50 years || education master",prior ESCO title + top three ESCO skill groups + duration; latest education; latest target excluded
404290,train,431118,Billing Clerk,431118,retained_granular_class,R07,4311.1,billing clerk,5131.2,"title waiter/waitress ; skills serving food and drinks, preparing food and drinks, advising on products and services ; duration 1.00 years || education secondary school",prior ESCO title + top three ESCO skill groups + duration; latest education; latest target excluded
40472,train,254302,Graphic Designer,254302,retained_granular_class,R06,2166.9,graphic designer,4110.1,"title office clerk ; skills performing general clerical and administrative tasks, managing, gathering and storing digital data, communicating with colleagues and clients ; duration 0.50 years || education master",prior ESCO title + top three ESCO skill groups + duration; latest education; latest target excluded
408062,train,422207,Customer Contact Centre Information Clerk,422207,retained_granular_class,R08,4222.1,customer contact centre information clerk,3343.1.7,"title supply chain assistant ; skills performing general clerical and administrative tasks, analysing business operations, monitoring operational activities ; duration 0.50 years || education bachelor",prior ESCO title + top three ESCO skill groups + duration; latest education; latest target excluded
408258,train,283302,Translator,283306,merged_to_six_digit_curated_anchor,R05,2643.5,sign language interpreter,3423.2.2;3412.4.9,"title personal trainer ; skills providing medical advice, promoting products, services, or programs, diagnosing health conditions ; duration 5.50 years || title residential care home worker ; duration 0.50 years || education master",prior ESCO title + top three ESCO skill groups + duration; latest education; latest target excluded
409068,train,254302,Graphic Designer,254302,retained_granular_class,R06,2166.9,graphic designer,2166.9,"title graphic designer ; skills creating artistic designs or performances, creating visual displays and decorations, using digital tools for processing sound and images ; duration 7.50 years || education bachelor",prior ESCO title + top three ESCO skill groups + duration; latest education; latest target excluded
409368,train,243121,Business Development Executive,243121,retained_granular_class,R04,2431.6,client relations manager,2330.1.13,"title music teacher secondary school ; skills teaching and training, monitoring and evaluating the performance of individuals, coaching and mentoring ; duration 16.25 years || education secondary school",prior ESCO title + top three ESCO skill groups + duration; latest education; latest target excluded
409520,train,422207,Customer Contact Centre Information Clerk,422207,retained_granular_class,R08,4222.1,customer contact centre information clerk,3432.6,"title visual merchandiser ; skills creating visual displays and decorations, developing professional relationships or networks, promoting products, services, or programs ; duration 0.50 years || education secondary school",prior ESCO title + top three ESCO skill groups + duration; latest education; latest target excluded
410524,train,242321,Talent Acquisition Consultant,242321,retained_granular_class,R03,2423.6,recruitment consultant,5230.1;2423.6,"title cashier ; skills executing financial transactions, performing calculations, promoting products, services, or programs ; duration 2.25 years || title recruitment consultant ; skills protecting privacy and personal data, recruiting and hiring, developing professional relationships or networks ; duration 1.25 years || education bachelor",prior ESCO title + top three ESCO skill groups + duration; latest education; latest target excluded
410730,train,231109,Tutor,231109,retained_granular_class,R10,2359.1,academic advisor,2511.3,"title data analyst ; skills managing, gathering and storing digital data, managing information, gathering information from physical or electronic sources ; duration 1.25 years || education phd",prior ESCO title + top three ESCO skill groups + duration; latest education; latest target excluded
41143,train,431110,Account and Promotion Clerk,431110,retained_granular_class,R07,4311.2,sales support assistant,3343.1,"title administrative assistant ; skills performing general clerical and administrative tasks, planning events and programmes, managing, gathering and storing digital data ; duration 3.75 years || education secondary school",prior ESCO title + top three ESCO skill groups + duration; latest education; latest target excluded
412852,train,254302,Graphic Designer,254302,retained_granular_class,R06,2166.9,graphic designer,2166.9,"title graphic designer ; skills creating artistic designs or performances, creating visual displays and decorations, using digital tools for processing sound and images ; duration 30.75 years || education secondary school",prior ESCO title + top three ESCO skill groups + duration; latest education; latest target excluded
413392,train,254302,Graphic Designer,254302,retained_granular_class,R06,2166.9,graphic designer,2166.9,"title graphic designer ; skills creating artistic designs or performances, creating visual displays and decorations, using digital tools for processing sound and images ; duration 13.50 years || education bachelor",prior ESCO title + top three ESCO skill groups + duration; latest education; latest target excluded
414170,train,422207,Customer Contact Centre Information Clerk,422207,retained_granular_class,R08,4222.1,customer contact centre information clerk,3422.4.1;5311.1.2;2413.2,"title boxing instructor ; skills monitoring and evaluating the performance of individuals, practising sports, diagnosing health conditions ; duration 6.25 years || title babysitter ; skills caring for children, preparing food and drinks, cleaning interior and exterior of buildings ; duration 5.25 years || title middle office analyst ; skills performing general clerical and administrative tasks, ensuring compliance with legislation, executing financial transactions ; duration 0.50 years || education bachelor",prior ESCO title + top three ESCO skill groups + duration; latest education; latest target excluded
414215,train,251201,Software Developer,251201,retained_granular_class,R01,2512.4,software developer,4132.1,"title data entry clerk ; skills managing, gathering and storing digital data, entering and transforming information, using word processing, publishing and presentation software ; duration 3.25 years || education bachelor",prior ESCO title + top three ESCO skill groups + duration; latest education; latest target excluded
414565,train,251201,Software Developer,251201,retained_granular_class,R01,2512.4,software developer,2512.4,"title software developer ; skills programming computer systems, developing operational policies and procedures, designing ict systems or applications ; duration 1.25 years || education bachelor",prior ESCO title + top three ESCO skill groups + duration; latest education; latest target excluded
415812,train,254302,Graphic Designer,254302,retained_granular_class,R06,2166.9,graphic designer,2641.4,"title writer ; skills creating artistic designs or performances, writing and composing, artistic and creative writing ; duration 1.25 years || education master",prior ESCO title + top three ESCO skill groups + duration; latest education; latest target excluded
416657,train,412107,Secretary,412107,retained_granular_class,R09,4120.1,secretary,4311.2,"title sales support assistant ; skills performing general clerical and administrative tasks, preparing financial documents, records, reports, or budgets, analysing business operations ; duration 0.50 years || education master",prior ESCO title + top three ESCO skill groups + duration; latest education; latest target excluded
416666,train,422207,Customer Contact Centre Information Clerk,422207,retained_granular_class,R08,4222.1,customer contact centre information clerk,2262.1.1,"title pharmaceutical quality specialist ; skills monitoring quality of products, complying with health and safety procedures, testing electrical and mechanical systems or equipment ; duration 1.25 years || education bachelor",prior ESCO title + top three ESCO skill groups + duration; latest education; latest target excluded
416786,train,422207,Customer Contact Centre Information Clerk,422207,retained_granular_class,R08,4222.1,customer contact centre information clerk,3332.2,"title event manager ; skills planning events and programmes, maintaining operational records, collaborating and liaising ; duration 2.25 years || education master",prior ESCO title + top three ESCO skill groups + duration; latest education; latest target excluded
417328,train,431118,Billing Clerk,431118,retained_granular_class,R07,4311.1,billing clerk,3411.1;3343.1,"title case administrator ; skills advising on legal, regulatory or procedural matters, recording legal information, technical or academic writing ; duration 0.50 years || title administrative assistant ; skills performing general clerical and administrative tasks, planning events and programmes, managing, gathering and storing digital data ; duration 0.50 years || education secondary school",prior ESCO title + top three ESCO skill groups + duration; latest education; latest target excluded
417986,train,243121,Business Development Executive,243121,retained_granular_class,R04,2431.6,client relations manager,2359.14;3334.3.2,"title tutor ; skills coaching and mentoring, monitoring and evaluating the performance of individuals, collaborating and liaising ; duration 8.25 years || title real estate investor ; skills assessing land or real estate, preparing financial documents, records, reports, or budgets, gathering information from physical or electronic sources ; duration 4.50 years || education bachelor",prior ESCO title + top three ESCO skill groups + duration; latest education; latest target excluded
418808,train,412107,Secretary,412107,retained_granular_class,R09,4120.1,secretary,4110.1,"title office clerk ; skills performing general clerical and administrative tasks, managing, gathering and storing digital data, communicating with colleagues and clients ; duration 2.75 years || education bachelor",prior ESCO title + top three ESCO skill groups + duration; latest education; latest target excluded
419739,train,283303,Interpreter,283303,retained_granular_class,R05,2643.2,interpreter,3413.2,"title pastoral worker ; skills promoting products, services, or programs, developing professional relationships or networks, coaching and mentoring ; duration 4.25 years || education no tertiary qualification",prior ESCO title + top three ESCO skill groups + duration; latest education; latest target excluded
420331,train,243121,Business Development Executive,243121,retained_granular_class,R04,2431.6,client relations manager,5223.6,"title shop assistant ; skills executing financial transactions, selling products or services, packaging objects ; duration 1.25 years || education bachelor",prior ESCO title + top three ESCO skill groups + duration; latest education; latest target excluded
422245,train,283302,Translator,283304,merged_to_six_digit_curated_anchor,R05,2643.4.1,lawyer linguist,4323.12;1211.1;2431.5;2643.4.1;1324.3.1.6.21;1221.3.2.1,"title rail logistics coordinator ; skills complying with health and safety procedures, analysing financial and economic data, verifying identities and documentation ; duration 24.25 years || title financial manager ; skills managing budgets or finances, collaborating and liaising, preparing financial documents, records, reports, or budgets ; duration 23.75 years || title business developer ; skills analysing business operations, identifying opportunities, developing professional relationships or networks ; duration 12.75 years || title lawyer linguist ; skills translating and interpreting, advising on legal, regulatory or procedural matters, recording legal information ; duration 10.25 years || title meat and meat products distribution manager ; skills performing risk analysis and management, ensuring compliance with legislation, analysing business operations ; duration 8.25 years || title sales manager ; skills developing financial, business or marketing plans, analysing business operations, managing budgets or finances ; duration 6.00 years || education master",prior ESCO title + top three ESCO skill groups + duration; latest education; latest target excluded
42292,train,431118,Billing Clerk,431118,retained_granular_class,R07,4311.1,billing clerk,3343.1,"title administrative assistant ; skills performing general clerical and administrative tasks, planning events and programmes, managing, gathering and storing digital data ; duration 2.75 years || education bachelor",prior ESCO title + top three ESCO skill groups + duration; latest education; latest target excluded
42366,train,243136,Marketing Officer,243136,retained_granular_class,R04,2431.10.3,marketing assistant,2412.11,"title venture capitalist ; skills making decisions, analysing financial and economic data, analysing business operations ; duration 0.50 years || education bachelor",prior ESCO title + top three ESCO skill groups + duration; latest education; latest target excluded
424288,train,231109,Tutor,231109,retained_granular_class,R10,2359.9,further education teacher,2330.1,"title secondary school teacher ; skills teaching academic or vocational subjects, monitoring and evaluating the performance of individuals, teaching and training ; duration 1.25 years || education bachelor",prior ESCO title + top three ESCO skill groups + duration; latest education; latest target excluded
426998,train,242321,Talent Acquisition Consultant,242321,retained_granular_class,R03,2423.6,recruitment consultant,3343.1.7,"title supply chain assistant ; skills performing general clerical and administrative tasks, analysing business operations, monitoring operational activities ; duration 2.25 years || education bachelor",prior ESCO title + top three ESCO skill groups + duration; latest education; latest target excluded
429714,train,412107,Secretary,412107,retained_granular_class,R09,4120.1,secretary,3343.1.7;3412.4.9,"title supply chain assistant ; skills performing general clerical and administrative tasks, analysing business operations, monitoring operational activities ; duration 1.25 years || title residential care home worker ; duration 1.25 years || education secondary school",prior ESCO title + top three ESCO skill groups + duration; latest education; latest target excluded
429862,train,243110,Marketing Communications Specialist,243110,retained_granular_class,R04,2431.10,marketing consultant,4221.1;4416.1;3343.1.6;5223.5;5223.5;5223.5,"title ground steward/ground stewardess ; skills accompanying and welcoming people, verifying identities and documentation, developing professional relationships or networks ; duration 8.75 years || title human resources assistant ; skills complying with operational procedures, planning events and programmes, monitoring and evaluating the performance of individuals ; duration 8.25 years || title project support officer ; skills preparing financial documents, records, reports, or budgets, maintaining operational records, directing, supervising and coordinating projects ; duration 7.25 years || title sales processor ; skills managing, gathering and storing digital data, entering and transforming information, organising, planning and scheduling work and activities ; duration 7.25 years || title sales processor ; skills managing, gathering and storing digital data, entering and transforming information, organising, planning and scheduling work and activities ; duration 6.25 years || title sales processor ; skills managing, gathering and storing digital data, entering and transforming information, organising, planning and scheduling work and activities ; duration 5.50 years || education bachelor",prior ESCO title + top three ESCO skill groups + duration; latest education; latest target excluded
431761,train,412107,Secretary,412107,retained_granular_class,R09,4120.1,secretary,3343.1.2,"title education administrator ; skills performing general clerical and administrative tasks, managing budgets or finances, executing financial transactions ; duration 0.50 years || education bachelor",prior ESCO title + top three ESCO skill groups + duration; latest education; latest target excluded
432928,train,231109,Tutor,231109,retained_granular_class,R10,2359.1,academic advisor,3412.4,"title social care worker ; skills providing support to resolve problems, complying with operational procedures, assisting with personal needs ; duration 5.25 years || education bachelor",prior ESCO title + top three ESCO skill groups + duration; latest education; latest target excluded
433823,train,412107,Secretary,412107,retained_granular_class,R09,4120.1,secretary,4415.1,"title file clerk ; skills managing information, maintaining operational records, performing general clerical and administrative tasks ; duration 1.25 years || education secondary school",prior ESCO title + top three ESCO skill groups + duration; latest education; latest target excluded
43491,train,431110,Account and Promotion Clerk,431110,retained_granular_class,R07,4311.2,sales support assistant,3343.1,"title administrative assistant ; skills performing general clerical and administrative tasks, planning events and programmes, managing, gathering and storing digital data ; duration 0.50 years || education bachelor",prior ESCO title + top three ESCO skill groups + duration; latest education; latest target excluded
435061,train,254302,Graphic Designer,254308,merged_to_six_digit_curated_anchor,R06,2166.11,performance lighting designer,3435.25.5,"title stage technician ; skills operating audio-visual equipment, complying with health and safety procedures, allocating and controlling physical resources ; duration 1.25 years || education no tertiary qualification",prior ESCO title + top three ESCO skill groups + duration; latest education; latest target excluded
438354,train,431118,Billing Clerk,431118,retained_granular_class,R07,4311.1,billing clerk,3343.1.7,"title supply chain assistant ; skills performing general clerical and administrative tasks, analysing business operations, monitoring operational activities ; duration 7.75 years || education bachelor",prior ESCO title + top three ESCO skill groups + duration; latest education; latest target excluded
440012,train,422207,Customer Contact Centre Information Clerk,422207,retained_granular_class,R08,4222.1,customer contact centre information clerk,3431.1;3431.1,"title photographer ; skills operating audio-visual equipment, creating visual displays and decorations, creating artistic designs or performances ; duration 9.25 years || title photographer ; skills operating audio-visual equipment, creating visual displays and decorations, creating artistic designs or performances ; duration 7.25 years || education bachelor",prior ESCO title + top three ESCO skill groups + duration; latest education; latest target excluded
440060,train,231109,Tutor,231109,retained_granular_class,R10,2359.1,academic advisor,3412.4.2,title care at home worker ; duration 5.25 years || education bachelor,prior ESCO title + top three ESCO skill groups + duration; latest education; latest target excluded
440224,train,254302,Graphic Designer,254302,retained_granular_class,R06,2166.9,graphic designer,2166.9,"title graphic designer ; skills creating artistic designs or performances, creating visual displays and decorations, using digital tools for processing sound and images ; duration 34.25 years || education bachelor",prior ESCO title + top three ESCO skill groups + duration; latest education; latest target excluded
441395,train,254302,Graphic Designer,254302,retained_granular_class,R06,2166.9,graphic designer,3412.4,"title social care worker ; skills providing support to resolve problems, complying with operational procedures, assisting with personal needs ; duration 1.75 years || education bachelor",prior ESCO title + top three ESCO skill groups + duration; latest education; latest target excluded
442023,train,431118,Billing Clerk,431118,retained_granular_class,R07,4311.1,billing clerk,3343.1,"title administrative assistant ; skills performing general clerical and administrative tasks, planning events and programmes, managing, gathering and storing digital data ; duration 2.00 years || education bachelor",prior ESCO title + top three ESCO skill groups + duration; latest education; latest target excluded
442382,train,242321,Talent Acquisition Consultant,242321,retained_granular_class,R03,2423.6,recruitment consultant,5244.1,"title call centre agent ; skills developing solutions, providing general assistance to people, listening and asking questions ; duration 1.25 years || education bachelor",prior ESCO title + top three ESCO skill groups + duration; latest education; latest target excluded
442674,train,231109,Tutor,231109,retained_granular_class,R10,2359.7,e-learning developer,1341.3;5312.2,"title nursery school head teacher ; skills monitoring and evaluating the performance of individuals, caring for children, supervising a team or group ; duration 0.50 years || title primary school teaching assistant ; skills caring for children, monitoring and evaluating the performance of individuals, coaching and mentoring ; duration 0.50 years || education bachelor",prior ESCO title + top three ESCO skill groups + duration; latest education; latest target excluded
44493,train,243135,Digital Marketing Executive,243135,retained_granular_class,R04,2431.10.4,online marketer,2431.10.4,"title online marketer ; skills promoting products, services, or programs, developing financial, business or marketing plans, using digital tools for collaboration and productivity ; duration 2.25 years || education master",prior ESCO title + top three ESCO skill groups + duration; latest education; latest target excluded
44562,train,242321,Talent Acquisition Consultant,242321,retained_granular_class,R03,2423.6,recruitment consultant,5223.2,"title motor vehicles parts advisor ; skills maintaining operational records, engaging with others to identify needs, developing professional relationships or networks ; duration 1.25 years || education master",prior ESCO title + top three ESCO skill groups + duration; latest education; latest target excluded
45659,train,231109,Tutor,231109,retained_granular_class,R10,2359.9,further education teacher,0210.2;5131.2;2330.1,"title sergeant ; skills maintaining and enforcing physical security, training on operational procedures, directing, supervising and coordinating projects ; duration 19.50 years || title waiter/waitress ; skills serving food and drinks, preparing food and drinks, advising on products and services ; duration 5.25 years || title secondary school teacher ; skills teaching academic or vocational subjects, monitoring and evaluating the performance of individuals, teaching and training ; duration 0.50 years || education bachelor",prior ESCO title + top three ESCO skill groups + duration; latest education; latest target excluded
48920,train,254309,Character Designer,254309,retained_granular_class,R06,2166.14,stop-motion animator,2166.14,"title stop-motion animator ; skills operating audio-visual equipment, conducting academic or market research, organising, planning and scheduling work and activities ; duration 0.50 years || education bachelor",prior ESCO title + top three ESCO skill groups + duration; latest education; latest target excluded
50086,train,242323,Human Resource Officer,242323,retained_granular_class,R03,2423.3,human resources officer,4416.1,"title human resources assistant ; skills complying with operational procedures, planning events and programmes, monitoring and evaluating the performance of individuals ; duration 1.25 years || education bachelor",prior ESCO title + top three ESCO skill groups + duration; latest education; latest target excluded
50205,train,251201,Software Developer,251206,merged_to_six_digit_curated_anchor,R01,2512.5,user interface developer,2521.4,"title database integrator ; skills managing, gathering and storing digital data, setting up computer systems, designing ict systems or applications ; duration 1.25 years || education master",prior ESCO title + top three ESCO skill groups + duration; latest education; latest target excluded
50449,train,243121,Business Development Executive,243121,retained_granular_class,R04,2431.5,business developer,1120.6,"title social entrepreneur ; skills management skills, developing professional relationships or networks, managing budgets or finances ; duration 3.50 years || education master",prior ESCO title + top three ESCO skill groups + duration; latest education; latest target excluded
5261,train,243110,Marketing Communications Specialist,243110,retained_granular_class,R04,2431.10,marketing consultant,1221.5,"title digital marketing manager ; skills developing financial, business or marketing plans, promoting products, services, or programs, using digital tools for collaboration and productivity ; duration 2.75 years || education bachelor",prior ESCO title + top three ESCO skill groups + duration; latest education; latest target excluded
53033,train,242321,Talent Acquisition Consultant,242321,retained_granular_class,R03,2423.6,recruitment consultant,1111.6;5311.1.2,"title secretary of state ; skills advising on legal, regulatory or procedural matters, collaborating and liaising, mediating and resolving disputes ; duration 1.25 years || title babysitter ; skills caring for children, preparing food and drinks, cleaning interior and exterior of buildings ; duration 1.25 years || education bachelor",prior ESCO title + top three ESCO skill groups + duration; latest education; latest target excluded
56414,train,231109,Tutor,231109,retained_granular_class,R10,2359.11,learning mentor,1344.1.3,"title youth programme director ; skills advocating for individual or community needs, developing professional relationships or networks, collaborating and liaising ; duration 2.75 years || education master",prior ESCO title + top three ESCO skill groups + duration; latest education; latest target excluded
56649,train,231109,Tutor,231109,retained_granular_class,R10,2359.2,academic support officer,5223.4;2359.11,"title sales assistant ; skills providing general assistance to people, executing financial transactions, selling products or services ; duration 2.50 years || title learning mentor ; skills coaching and mentoring, collaborating and liaising, advising on educational or vocational matters ; duration 1.50 years || education master",prior ESCO title + top three ESCO skill groups + duration; latest education; latest target excluded
57081,train,243135,Digital Marketing Executive,243135,retained_granular_class,R04,2431.10.4,online marketer,2431.1,"title advertising copywriter ; skills conducting academic or market research, using digital tools for collaboration and productivity, writing and composing ; duration 8.25 years || education secondary school",prior ESCO title + top three ESCO skill groups + duration; latest education; latest target excluded
59911,train,243110,Marketing Communications Specialist,243110,retained_granular_class,R04,2431.10,marketing consultant,3322.1,"title commercial sales representative ; skills promoting products, services, or programs, developing professional relationships or networks, maintaining operational records ; duration 10.50 years || education master",prior ESCO title + top three ESCO skill groups + duration; latest education; latest target excluded
60521,train,243136,Marketing Officer,243136,retained_granular_class,R04,2431.10.3,marketing assistant,4311.2,"title sales support assistant ; skills performing general clerical and administrative tasks, preparing financial documents, records, reports, or budgets, analysing business operations ; duration 0.50 years || education master",prior ESCO title + top three ESCO skill groups + duration; latest education; latest target excluded
60546,train,431110,Account and Promotion Clerk,431110,retained_granular_class,R07,4311.2,sales support assistant,4311.2,"title sales support assistant ; skills performing general clerical and administrative tasks, preparing financial documents, records, reports, or budgets, analysing business operations ; duration 1.25 years || education bachelor",prior ESCO title + top three ESCO skill groups + duration; latest education; latest target excluded
61656,train,283303,Interpreter,283303,retained_granular_class,R05,2643.2,interpreter,2330.1.12,"title modern languages teacher secondary school ; skills teaching and training, monitoring and evaluating the performance of individuals, coaching and mentoring ; duration 2.25 years || education master",prior ESCO title + top three ESCO skill groups + duration; latest education; latest target excluded
63442,train,283302,Translator,283302,retained_granular_class,R05,2643.6,translator,2422.12.3,"title cultural policy officer ; skills developing professional relationships or networks, collaborating and liaising, planning events and programmes ; duration 3.25 years || education no tertiary qualification",prior ESCO title + top three ESCO skill groups + duration; latest education; latest target excluded
64186,train,252403,Data Analyst,252403,retained_granular_class,R02,2511.3,data analyst,2330.1.9,"title ict teacher secondary school ; skills monitoring and evaluating the performance of individuals, teaching and training, developing instructive or promotional materials ; duration 1.25 years || education bachelor",prior ESCO title + top three ESCO skill groups + duration; latest education; latest target excluded
68989,train,243135,Digital Marketing Executive,243135,retained_granular_class,R04,2431.10.4,online marketer,2431.10.3,"title marketing assistant ; skills performing general clerical and administrative tasks, conducting academic or market research, technical or academic writing ; duration 0.50 years || education master",prior ESCO title + top three ESCO skill groups + duration; latest education; latest target excluded
69419,train,412107,Secretary,412107,retained_granular_class,R09,4120.1,secretary,2636.1;5311.1,"title chaplain ; skills counselling on personal, family or social issues, coaching and mentoring, performing artistic or cultural activities ; duration 0.50 years || title child care worker ; skills caring for children, collaborating and liaising, communication, collaboration and creativity ; duration 1.25 years || education bachelor",prior ESCO title + top three ESCO skill groups + duration; latest education; latest target excluded
69506,train,254302,Graphic Designer,254306,merged_to_six_digit_curated_anchor,R06,2166.4,desktop publisher,4131.1,"title typist ; skills writing and composing, managing, gathering and storing digital data, entering and transforming information ; duration 1.75 years || education secondary school",prior ESCO title + top three ESCO skill groups + duration; latest education; latest target excluded
70936,train,243135,Digital Marketing Executive,243123,merged_to_six_digit_curated_anchor,R04,2431.4,brand manager,2166.7,"title digital media designer ; skills managing, gathering and storing digital data, using digital tools for processing sound and images, using digital tools for collaboration and productivity ; duration 1.75 years || education bachelor",prior ESCO title + top three ESCO skill groups + duration; latest education; latest target excluded
7131,train,243136,Marketing Officer,243136,retained_granular_class,R04,2431.10.3,marketing assistant,2431.10.3;2431.10.3,"title marketing assistant ; skills performing general clerical and administrative tasks, conducting academic or market research, technical or academic writing ; duration 3.25 years || title marketing assistant ; skills performing general clerical and administrative tasks, conducting academic or market research, technical or academic writing ; duration 1.75 years || education master",prior ESCO title + top three ESCO skill groups + duration; latest education; latest target excluded
72817,train,243135,Digital Marketing Executive,243103,merged_to_six_digit_curated_anchor,R04,2431.16,promotion assistant,3343.1;3422.4,"title administrative assistant ; skills performing general clerical and administrative tasks, planning events and programmes, managing, gathering and storing digital data ; duration 5.75 years || title sports instructor ; skills promoting products, services, or programs, planning events and programmes, monitoring and evaluating the performance of individuals ; duration 2.75 years || education bachelor",prior ESCO title + top three ESCO skill groups + duration; latest education; latest target excluded
72860,train,431110,Account and Promotion Clerk,431110,retained_granular_class,R07,4311.2,sales support assistant,3355.2,"title police detective ; skills carrying out forensic and police investigations, maintaining and enforcing physical security, ensuring compliance with legislation ; duration 3.25 years || education bachelor",prior ESCO title + top three ESCO skill groups + duration; latest education; latest target excluded
74457,train,242321,Talent Acquisition Consultant,242321,retained_granular_class,R03,2423.6,recruitment consultant,1324.8,"title supply chain manager ; skills analysing business operations, allocating and controlling physical resources, analysing financial and economic data ; duration 1.25 years || education bachelor",prior ESCO title + top three ESCO skill groups + duration; latest education; latest target excluded
74502,train,231109,Tutor,231109,retained_granular_class,R10,2359.11,learning mentor,2330.1;3412.4.13,"title secondary school teacher ; skills teaching academic or vocational subjects, monitoring and evaluating the performance of individuals, teaching and training ; duration 6.25 years || title residential home young people care worker ; skills providing support to resolve problems, complying with operational procedures, assisting with personal needs ; duration 3.00 years || education master",prior ESCO title + top three ESCO skill groups + duration; latest education; latest target excluded
75288,train,283302,Translator,283306,merged_to_six_digit_curated_anchor,R05,2643.5,sign language interpreter,5230.1,"title cashier ; skills executing financial transactions, performing calculations, promoting products, services, or programs ; duration 1.25 years || education bachelor",prior ESCO title + top three ESCO skill groups + duration; latest education; latest target excluded
76291,train,243135,Digital Marketing Executive,243103,merged_to_six_digit_curated_anchor,R04,2431.16,promotion assistant,1221.3.3,"title promotion manager ; skills developing financial, business or marketing plans, collaborating and liaising, analysing business operations ; duration 1.00 years || education bachelor",prior ESCO title + top three ESCO skill groups + duration; latest education; latest target excluded
78630,train,243121,Business Development Executive,243121,retained_granular_class,R04,2431.6,client relations manager,8322.4,"title parking valet ; skills driving vehicles, complying with operational procedures, driving light vehicles ; duration 2.75 years || education bachelor",prior ESCO title + top three ESCO skill groups + duration; latest education; latest target excluded
7984,train,431110,Account and Promotion Clerk,431110,retained_granular_class,R07,4311.2,sales support assistant,9112.4,"title room attendant ; skills cleaning interior and exterior of buildings, promoting products, services, or programs, handling and disposing of hazardous materials ; duration 1.25 years || education bachelor",prior ESCO title + top three ESCO skill groups + duration; latest education; latest target excluded
80841,train,431118,Billing Clerk,431118,retained_granular_class,R07,4311.1,billing clerk,3331.2.2,"title shipping agent ; skills ensuring compliance with legislation, collaborating and liaising, preparing documentation for contracts, applications, or permits ; duration 1.25 years || education secondary school",prior ESCO title + top three ESCO skill groups + duration; latest education; latest target excluded
82077,train,412107,Secretary,412107,retained_granular_class,R09,4120.1,secretary,1212.1;4221.2;4120.1,"title employee volunteering programme coordinator ; skills developing professional relationships or networks, promoting products, services, or programs, working in teams ; duration 7.25 years || title host/hostess ; skills accompanying and welcoming people, providing information to the public and clients, promoting products, services, or programs ; duration 6.25 years || title secretary ; skills performing general clerical and administrative tasks, managing, gathering and storing digital data, communicating with colleagues and clients ; duration 4.25 years || education no tertiary qualification",prior ESCO title + top three ESCO skill groups + duration; latest education; latest target excluded
82081,train,243135,Digital Marketing Executive,243135,retained_granular_class,R04,2431.10.4,online marketer,5242.1,"title promotions demonstrator ; skills promoting products, services, or programs, selling products or services, developing professional relationships or networks ; duration 1.75 years || education bachelor",prior ESCO title + top three ESCO skill groups + duration; latest education; latest target excluded
82345,train,243135,Digital Marketing Executive,243103,merged_to_six_digit_curated_anchor,R04,2431.16,promotion assistant,9333.8,"title warehouse worker ; skills loading and unloading goods and, materials, packaging objects, following instructions and procedures ; duration 2.25 years || education master",prior ESCO title + top three ESCO skill groups + duration; latest education; latest target excluded
83369,train,254302,Graphic Designer,254302,retained_granular_class,R06,2166.9,graphic designer,2166.9,"title graphic designer ; skills creating artistic designs or performances, creating visual displays and decorations, using digital tools for processing sound and images ; duration 30.75 years || education no tertiary qualification",prior ESCO title + top three ESCO skill groups + duration; latest education; latest target excluded
84411,train,412107,Secretary,412107,retained_granular_class,R09,4120.1,secretary,2221.3,"title specialist nurse ; skills providing medical, dental and nursing care, providing medical advice, diagnosing health conditions ; duration 12.25 years || education master",prior ESCO title + top three ESCO skill groups + duration; latest education; latest target excluded
84662,train,254309,Character Designer,254309,retained_granular_class,R06,2166.14,stop-motion animator,3422.3.1,"title football coach ; skills coaching and mentoring, practising sports, supervising a team or group ; duration 4.25 years || education bachelor",prior ESCO title + top three ESCO skill groups + duration; latest education; latest target excluded
85503,train,243121,Business Development Executive,243121,retained_granular_class,R04,2431.6,client relations manager,3343.1.5,"title procurement support officer ; skills complying with operational procedures, preparing documentation for contracts, applications, or permits, analysing business operations ; duration 25.75 years || education bachelor",prior ESCO title + top three ESCO skill groups + duration; latest education; latest target excluded
86788,train,431118,Billing Clerk,431118,retained_granular_class,R07,4311.1,billing clerk,3313.1,"title accounting assistant ; skills preparing financial documents, records, reports, or budgets, executing financial transactions, managing budgets or finances ; duration 7.75 years || education bachelor",prior ESCO title + top three ESCO skill groups + duration; latest education; latest target excluded
87433,train,231109,Tutor,231109,retained_granular_class,R10,2359.14,tutor,2330.1.13;2330.1.12;2352.1.6,"title music teacher secondary school ; skills teaching and training, monitoring and evaluating the performance of individuals, coaching and mentoring ; duration 5.75 years || title modern languages teacher secondary school ; skills teaching and training, monitoring and evaluating the performance of individuals, coaching and mentoring ; duration 0.50 years || title special educational needs teacher secondary school ; skills monitoring and evaluating the performance of individuals, teaching and training, collaborating and liaising ; duration 1.25 years || education bachelor",prior ESCO title + top three ESCO skill groups + duration; latest education; latest target excluded
90290,train,412107,Secretary,412107,retained_granular_class,R09,4120.1,secretary,4120.1,"title secretary ; skills performing general clerical and administrative tasks, managing, gathering and storing digital data, communicating with colleagues and clients ; duration 0.50 years || education no tertiary qualification",prior ESCO title + top three ESCO skill groups + duration; latest education; latest target excluded
91675,train,242321,Talent Acquisition Consultant,242321,retained_granular_class,R03,2423.6,recruitment consultant,5241.2,"title fashion model ; skills promoting products, services, or programs, practising sports, working with others ; duration 2.25 years || education master",prior ESCO title + top three ESCO skill groups + duration; latest education; latest target excluded
94196,train,431118,Billing Clerk,431118,retained_granular_class,R07,4311.1,billing clerk,4312.6;4211.2;1439.1,"title property assistant ; skills performing general clerical and administrative tasks, planning events and programmes, preparing financial documents, records, reports, or budgets ; duration 2.00 years || title post office counter clerk ; skills executing financial transactions, promoting products, services, or programs, selling products or services ; duration 0.50 years || title call centre manager ; skills analysing business operations, directing operational activities, directing, supervising and coordinating projects ; duration 0.50 years || education secondary school",prior ESCO title + top three ESCO skill groups + duration; latest education; latest target excluded
94270,train,231109,Tutor,231109,retained_granular_class,R10,2359.5,assistive technologist,5223.4;5249.2.2,"title sales assistant ; skills providing general assistance to people, executing financial transactions, selling products or services ; duration 9.25 years || title rental service representative in personal and household goods ; skills selling products or services, executing financial transactions, advising on products and services ; duration 0.50 years || education secondary school",prior ESCO title + top three ESCO skill groups + duration; latest education; latest target excluded
94550,train,422207,Customer Contact Centre Information Clerk,422207,retained_granular_class,R08,4222.1,customer contact centre information clerk,3343.1.7,"title supply chain assistant ; skills performing general clerical and administrative tasks, analysing business operations, monitoring operational activities ; duration 0.75 years || education no tertiary qualification",prior ESCO title + top three ESCO skill groups + duration; latest education; latest target excluded
94584,train,254316,Digital Designer,254316,retained_granular_class,R06,2166.5,digital artist,3332.1,"title event assistant ; skills planning events and programmes, collaborating and liaising, directing operational activities ; duration 2.50 years || education bachelor",prior ESCO title + top three ESCO skill groups + duration; latest education; latest target excluded
95399,train,242321,Talent Acquisition Consultant,242321,retained_granular_class,R03,2423.6,recruitment consultant,2423.6,"title recruitment consultant ; skills protecting privacy and personal data, recruiting and hiring, developing professional relationships or networks ; duration 2.25 years || education bachelor",prior ESCO title + top three ESCO skill groups + duration; latest education; latest target excluded
97836,train,231109,Tutor,231109,retained_granular_class,R10,2359.7,e-learning developer,5131.2,"title waiter/waitress ; skills serving food and drinks, preparing food and drinks, advising on products and services ; duration 7.25 years || education bachelor",prior ESCO title + top three ESCO skill groups + duration; latest education; latest target excluded
98491,train,231109,Tutor,231109,retained_granular_class,R10,2359.11,learning mentor,3339.8;4224.2,"title tourism contract negotiator ; skills negotiating and managing contracts and agreements, developing objectives and strategies, developing professional relationships or networks ; duration 0.50 years || title night auditor ; skills accompanying and welcoming people, providing general assistance to people, promoting products, services, or programs ; duration 1.25 years || education bachelor",prior ESCO title + top three ESCO skill groups + duration; latest education; latest target excluded
99423,train,283303,Interpreter,283303,retained_granular_class,R05,2643.2,interpreter,3512.1;2330.1.9,"title ict help desk agent ; skills planning events and programmes, providing general assistance to people, resolving computer problems ; duration 3.50 years || title ict teacher secondary school ; skills monitoring and evaluating the performance of individuals, teaching and training, developing instructive or promotional materials ; duration 2.50 years || education secondary school",prior ESCO title + top three ESCO skill groups + duration; latest education; latest target excluded
9982,train,243121,Business Development Executive,243121,retained_granular_class,R04,2431.6,client relations manager,4224.1.1;3423.2.2,"title camping ground operative ; skills accompanying and welcoming people, promoting products, services, or programs, providing information to the public and clients ; duration 11.25 years || title personal trainer ; skills providing medical advice, promoting products, services, or programs, diagnosing health conditions ; duration 5.25 years || education bachelor",prior ESCO title + top three ESCO skill groups + duration; latest education; latest target excluded
116607,val,412107,Secretary,412107,retained_granular_class,R09,4120.1,secretary,5223.6,"title shop assistant ; skills executing financial transactions, selling products or services, packaging objects ; duration 3.50 years || education bachelor",prior ESCO title + top three ESCO skill groups + duration; latest education; latest target excluded
130335,val,243136,Marketing Officer,243136,retained_granular_class,R04,2431.10.3,marketing assistant,5223.4,"title sales assistant ; skills providing general assistance to people, executing financial transactions, selling products or services ; duration 5.75 years || education bachelor",prior ESCO title + top three ESCO skill groups + duration; latest education; latest target excluded
130556,val,252403,Data Analyst,252418,merged_to_six_digit_curated_anchor,R02,2511.16,ICT system integration consultant,2511.10,"title ict consultant ; skills working with computers, testing electrical and mechanical systems or equipment, advising on design or use of technologies ; duration 0.50 years || education bachelor",prior ESCO title + top three ESCO skill groups + duration; latest education; latest target excluded
130920,val,251201,Software Developer,251245,merged_to_six_digit_curated_anchor,R01,2512.1,cloud engineer,5223.4;2423.6;2423.6,"title sales assistant ; skills providing general assistance to people, executing financial transactions, selling products or services ; duration 9.25 years || title recruitment consultant ; skills protecting privacy and personal data, recruiting and hiring, developing professional relationships or networks ; duration 0.50 years || title recruitment consultant ; skills protecting privacy and personal data, recruiting and hiring, developing professional relationships or networks ; duration 0.50 years || education secondary school",prior ESCO title + top three ESCO skill groups + duration; latest education; latest target excluded
132156,val,254302,Graphic Designer,254302,retained_granular_class,R06,2166.9,graphic designer,2634.2.2,"title educational psychologist ; skills diagnosing health conditions, advising on educational or vocational matters, monitoring health conditions of humans and animals ; duration 8.75 years || education master",prior ESCO title + top three ESCO skill groups + duration; latest education; latest target excluded
13230,val,431110,Account and Promotion Clerk,431110,retained_granular_class,R07,4311.2,sales support assistant,5223.5,"title sales processor ; skills managing, gathering and storing digital data, entering and transforming information, organising, planning and scheduling work and activities ; duration 0.50 years || education secondary school",prior ESCO title + top three ESCO skill groups + duration; latest education; latest target excluded
132895,val,243136,Marketing Officer,243136,retained_granular_class,R04,2431.10.3,marketing assistant,1420.3,"title sales account manager ; skills promoting products, services, or programs, negotiating and managing contracts and agreements, maintaining operational records ; duration 2.25 years || education master",prior ESCO title + top three ESCO skill groups + duration; latest education; latest target excluded
1347,val,231109,Tutor,231109,retained_granular_class,R10,2359.7,e-learning developer,3435.12,"title mask maker ; skills complying with health and safety procedures, allocating and controlling physical resources, creating artistic designs or performances ; duration 0.50 years || education bachelor",prior ESCO title + top three ESCO skill groups + duration; latest education; latest target excluded
137125,val,231109,Tutor,231109,retained_granular_class,R10,2359.2,academic support officer,3343.1,"title administrative assistant ; skills performing general clerical and administrative tasks, planning events and programmes, managing, gathering and storing digital data ; duration 24.25 years || education master",prior ESCO title + top three ESCO skill groups + duration; latest education; latest target excluded
147415,val,431110,Account and Promotion Clerk,431110,retained_granular_class,R07,4311.2,sales support assistant,1120.3,"title chief executive officer ; skills developing financial, business or marketing plans, developing professional relationships or networks, developing operational policies and procedures ; duration 5.25 years || education secondary school",prior ESCO title + top three ESCO skill groups + duration; latest education; latest target excluded
15303,val,431118,Billing Clerk,431118,retained_granular_class,R07,4311.1,billing clerk,5223.6,"title shop assistant ; skills executing financial transactions, selling products or services, packaging objects ; duration 4.75 years || education secondary school",prior ESCO title + top three ESCO skill groups + duration; latest education; latest target excluded
161466,val,412107,Secretary,412107,retained_granular_class,R09,4120.1,secretary,9321.2,"title hand packer ; skills packaging objects, moving or lifting materials, equipment, or supplies, storing goods and materials ; duration 5.25 years || education bachelor",prior ESCO title + top three ESCO skill groups + duration; latest education; latest target excluded
16761,val,251201,Software Developer,251206,merged_to_six_digit_curated_anchor,R01,2512.5,user interface developer,2512.4,"title software developer ; skills programming computer systems, developing operational policies and procedures, designing ict systems or applications ; duration 3.50 years || education bachelor",prior ESCO title + top three ESCO skill groups + duration; latest education; latest target excluded
171313,val,431118,Billing Clerk,431118,retained_granular_class,R07,4311.1,billing clerk,2413.2,"title middle office analyst ; skills performing general clerical and administrative tasks, ensuring compliance with legislation, executing financial transactions ; duration 21.25 years || education secondary school",prior ESCO title + top three ESCO skill groups + duration; latest education; latest target excluded
195662,val,243135,Digital Marketing Executive,243135,retained_granular_class,R04,2431.10.4,online marketer,1221.3.2.1,"title sales manager ; skills developing financial, business or marketing plans, analysing business operations, managing budgets or finances ; duration 1.25 years || education master",prior ESCO title + top three ESCO skill groups + duration; latest education; latest target excluded
207135,val,231109,Tutor,231109,retained_granular_class,R10,2359.11,learning mentor,2264.2;2264.2;3412.4.8,"title physiotherapist ; skills complying with health and safety procedures, providing medical advice, providing medical, dental and nursing care ; duration 2.75 years || title physiotherapist ; skills complying with health and safety procedures, providing medical advice, providing medical, dental and nursing care ; duration 1.25 years || title mental health support worker ; skills providing support to resolve problems, complying with operational procedures, advocating for individual or community needs ; duration 1.50 years || education bachelor",prior ESCO title + top three ESCO skill groups + duration; latest education; latest target excluded
217777,val,422207,Customer Contact Centre Information Clerk,422207,retained_granular_class,R08,4222.1,customer contact centre information clerk,9412.1,"title kitchen assistant ; skills preparing food and drinks, monitoring operational activities, cleaning interior and exterior of buildings ; duration 1.25 years || education secondary school",prior ESCO title + top three ESCO skill groups + duration; latest education; latest target excluded
230911,val,243121,Business Development Executive,243121,retained_granular_class,R04,2431.5,business developer,2433.4,"title sales engineer ; skills maintaining operational records, negotiating and managing contracts and agreements, promoting products, services, or programs ; duration 0.75 years || education bachelor",prior ESCO title + top three ESCO skill groups + duration; latest education; latest target excluded
239762,val,254316,Digital Designer,254316,retained_granular_class,R06,2166.6,digital games designer,2651.6,"title drawing artist ; skills creating artistic designs or performances, creating visual displays and decorations, developing instructive or promotional materials ; duration 3.00 years || education master",prior ESCO title + top three ESCO skill groups + duration; latest education; latest target excluded
242951,val,283303,Interpreter,283303,retained_granular_class,R05,2643.2,interpreter,3343.1,"title administrative assistant ; skills performing general clerical and administrative tasks, planning events and programmes, managing, gathering and storing digital data ; duration 6.25 years || education secondary school",prior ESCO title + top three ESCO skill groups + duration; latest education; latest target excluded
25884,val,251201,Software Developer,251206,merged_to_six_digit_curated_anchor,R01,2512.5,user interface developer,2513.5;2511.10,"title web developer ; skills programming computer systems, using digital tools for collaboration and productivity, designing ict systems or applications ; duration 1.25 years || title ict consultant ; skills working with computers, testing electrical and mechanical systems or equipment, advising on design or use of technologies ; duration 0.50 years || education bachelor",prior ESCO title + top three ESCO skill groups + duration; latest education; latest target excluded
273052,val,242321,Talent Acquisition Consultant,242321,retained_granular_class,R03,2423.6,recruitment consultant,2423.6,"title recruitment consultant ; skills protecting privacy and personal data, recruiting and hiring, developing professional relationships or networks ; duration 2.25 years || education no tertiary qualification",prior ESCO title + top three ESCO skill groups + duration; latest education; latest target excluded
275215,val,412107,Secretary,412107,retained_granular_class,R09,4120.1,secretary,3343.1,"title administrative assistant ; skills performing general clerical and administrative tasks, planning events and programmes, managing, gathering and storing digital data ; duration 1.25 years || education no tertiary qualification",prior ESCO title + top three ESCO skill groups + duration; latest education; latest target excluded
287280,val,231109,Tutor,231109,retained_granular_class,R10,2359.5,assistive technologist,3412.4.4;2330.1,"title disability support worker ; skills providing support to resolve problems, assisting with personal needs, complying with operational procedures ; duration 3.00 years || title secondary school teacher ; skills teaching academic or vocational subjects, monitoring and evaluating the performance of individuals, teaching and training ; duration 0.50 years || education bachelor",prior ESCO title + top three ESCO skill groups + duration; latest education; latest target excluded
291980,val,243110,Marketing Communications Specialist,243110,retained_granular_class,R04,2431.10,marketing consultant,7215.1;4224.1,"title event scaffolder ; skills complying with health and safety procedures, installing wooden and metal components, installing roofing ; duration 5.25 years || title hospitality establishment receptionist ; skills promoting products, services, or programs, accompanying and welcoming people, providing general assistance to people ; duration 2.75 years || education bachelor",prior ESCO title + top three ESCO skill groups + duration; latest education; latest target excluded
292430,val,422207,Customer Contact Centre Information Clerk,422207,retained_granular_class,R08,4222.1,customer contact centre information clerk,3344.1,"title medical administrative assistant ; skills entering and transforming information, planning events and programmes, performing general clerical and administrative tasks ; duration 1.25 years || education bachelor",prior ESCO title + top three ESCO skill groups + duration; latest education; latest target excluded
297819,val,254302,Graphic Designer,254308,merged_to_six_digit_curated_anchor,R06,2166.12,performance video designer,2654.3.2,"title video and motion picture producer ; skills working in teams, collaborating and liaising, managing budgets or finances ; duration 2.00 years || education master",prior ESCO title + top three ESCO skill groups + duration; latest education; latest target excluded
306893,val,412107,Secretary,412107,retained_granular_class,R09,4120.1,secretary,3251.1,"title dental chairside assistant ; skills training on health or medical topics, complying with health and safety procedures, providing medical advice ; duration 3.25 years || education secondary school",prior ESCO title + top three ESCO skill groups + duration; latest education; latest target excluded
312404,val,252416,Business Data Analyst,252416,retained_granular_class,R02,2511.10,ICT consultant,2431.11,"title market research analyst ; skills conducting academic or market research, analysing financial and economic data, identifying opportunities ; duration 0.50 years || education master",prior ESCO title + top three ESCO skill groups + duration; latest education; latest target excluded
317473,val,254302,Graphic Designer,254302,retained_granular_class,R06,2166.9,graphic designer,4224.1.1;7215.2.2,"title camping ground operative ; skills accompanying and welcoming people, promoting products, services, or programs, providing information to the public and clients ; duration 3.25 years || title ground rigger ; skills complying with health and safety procedures, installing wooden and metal components, installing and assembling rigging equipment ; duration 3.25 years || education secondary school",prior ESCO title + top three ESCO skill groups + duration; latest education; latest target excluded
318649,val,412107,Secretary,412107,retained_granular_class,R09,4120.1,secretary,2330.1.2;7531.4;5312.2,"title biology teacher secondary school ; skills monitoring and evaluating the performance of individuals, teaching and training, coaching and mentoring ; duration 16.75 years || title milliner ; skills fabricating garments and textile products, evaluating systems, programmes, equipment and products, operating machinery for the manufacture and treatment of textiles, fur and leather products ; duration 0.50 years || title primary school teaching assistant ; skills caring for children, monitoring and evaluating the performance of individuals, coaching and mentoring ; duration 0.50 years || education bachelor",prior ESCO title + top three ESCO skill groups + duration; latest education; latest target excluded
328985,val,252403,Data Analyst,252418,merged_to_six_digit_curated_anchor,R02,2511.15,ICT system developer,3153.4,"title drone pilot ; skills interpreting technical documentation and diagrams, complying with operational procedures, analysing and evaluating information and data ; duration 4.25 years || education bachelor",prior ESCO title + top three ESCO skill groups + duration; latest education; latest target excluded
33207,val,412107,Secretary,412107,retained_granular_class,R09,4120.1,secretary,3343.1,"title administrative assistant ; skills performing general clerical and administrative tasks, planning events and programmes, managing, gathering and storing digital data ; duration 0.50 years || education bachelor",prior ESCO title + top three ESCO skill groups + duration; latest education; latest target excluded
341422,val,243121,Business Development Executive,243121,retained_granular_class,R04,2431.5,business developer,1420.3,"title sales account manager ; skills promoting products, services, or programs, negotiating and managing contracts and agreements, maintaining operational records ; duration 9.25 years || education secondary school",prior ESCO title + top three ESCO skill groups + duration; latest education; latest target excluded
354138,val,243136,Marketing Officer,243136,retained_granular_class,R04,2431.10.3,marketing assistant,2431.10.4,"title online marketer ; skills promoting products, services, or programs, developing financial, business or marketing plans, using digital tools for collaboration and productivity ; duration 2.75 years || education bachelor",prior ESCO title + top three ESCO skill groups + duration; latest education; latest target excluded
3577,val,283303,Interpreter,283303,retained_granular_class,R05,2643.2,interpreter,5312.3,"title secondary school teaching assistant ; skills monitoring and evaluating the performance of individuals, coaching and mentoring, teaching and training ; duration 6.25 years || education master",prior ESCO title + top three ESCO skill groups + duration; latest education; latest target excluded
358053,val,231109,Tutor,231109,retained_granular_class,R10,2359.11,learning mentor,2330.1.12,"title modern languages teacher secondary school ; skills teaching and training, monitoring and evaluating the performance of individuals, coaching and mentoring ; duration 1.25 years || education bachelor",prior ESCO title + top three ESCO skill groups + duration; latest education; latest target excluded
368839,val,242321,Talent Acquisition Consultant,242321,retained_granular_class,R03,2423.6,recruitment consultant,3343.1,"title administrative assistant ; skills performing general clerical and administrative tasks, planning events and programmes, managing, gathering and storing digital data ; duration 3.75 years || education secondary school",prior ESCO title + top three ESCO skill groups + duration; latest education; latest target excluded
370969,val,243110,Marketing Communications Specialist,243110,retained_granular_class,R04,2431.10,marketing consultant,5131.2,"title waiter/waitress ; skills serving food and drinks, preparing food and drinks, advising on products and services ; duration 5.75 years || education bachelor",prior ESCO title + top three ESCO skill groups + duration; latest education; latest target excluded
384659,val,243136,Marketing Officer,243136,retained_granular_class,R04,2431.10.3,marketing assistant,2431.10;2431.10.3,"title marketing consultant ; skills developing financial, business or marketing plans, identifying opportunities, analysing business operations ; duration 0.50 years || title marketing assistant ; skills performing general clerical and administrative tasks, conducting academic or market research, technical or academic writing ; duration 0.50 years || education master",prior ESCO title + top three ESCO skill groups + duration; latest education; latest target excluded
403539,val,254302,Graphic Designer,254302,retained_granular_class,R06,2166.9,graphic designer,2641.4.4,"title technical communicator ; skills gathering information from physical or electronic sources, managing, gathering and storing digital data, using digital tools for collaboration and productivity ; duration 3.25 years || education master",prior ESCO title + top three ESCO skill groups + duration; latest education; latest target excluded
407350,val,431110,Account and Promotion Clerk,431110,retained_granular_class,R07,4311.2,sales support assistant,2310.1;3422.4;3343.1,"title higher education lecturer ; skills conducting academic or market research, teaching and training, technical or academic writing ; duration 5.75 years || title sports instructor ; skills promoting products, services, or programs, planning events and programmes, monitoring and evaluating the performance of individuals ; duration 2.75 years || title administrative assistant ; skills performing general clerical and administrative tasks, planning events and programmes, managing, gathering and storing digital data ; duration 0.75 years || education secondary school",prior ESCO title + top three ESCO skill groups + duration; latest education; latest target excluded
407512,val,242321,Talent Acquisition Consultant,242321,retained_granular_class,R03,2423.6,recruitment consultant,3422.5;5311.1.3,"title sports official ; skills developing professional relationships or networks, complying with operational procedures, presenting information ; duration 3.75 years || title child day care worker ; skills providing support to resolve problems, caring for children, complying with operational procedures ; duration 3.75 years || education secondary school",prior ESCO title + top three ESCO skill groups + duration; latest education; latest target excluded
40854,val,431118,Billing Clerk,431118,retained_granular_class,R07,4311.1,billing clerk,3343.1,"title administrative assistant ; skills performing general clerical and administrative tasks, planning events and programmes, managing, gathering and storing digital data ; duration 1.25 years || education bachelor",prior ESCO title + top three ESCO skill groups + duration; latest education; latest target excluded
413999,val,243136,Marketing Officer,243136,retained_granular_class,R04,2431.10.3,marketing assistant,2166.7,"title digital media designer ; skills managing, gathering and storing digital data, using digital tools for processing sound and images, using digital tools for collaboration and productivity ; duration 2.75 years || education bachelor",prior ESCO title + top three ESCO skill groups + duration; latest education; latest target excluded
421249,val,242321,Talent Acquisition Consultant,242321,retained_granular_class,R03,2423.6,recruitment consultant,2423.6,"title recruitment consultant ; skills protecting privacy and personal data, recruiting and hiring, developing professional relationships or networks ; duration 1.25 years || education no tertiary qualification",prior ESCO title + top three ESCO skill groups + duration; latest education; latest target excluded
435497,val,243135,Digital Marketing Executive,243101,merged_to_six_digit_curated_anchor,R04,2431.1,advertising copywriter,2431.3,"title advertising specialist ; skills developing financial, business or marketing plans, conducting academic or market research, engaging with others to identify needs ; duration 4.25 years || education secondary school",prior ESCO title + top three ESCO skill groups + duration; latest education; latest target excluded
441079,val,243110,Marketing Communications Specialist,243110,retained_granular_class,R04,2431.10,marketing consultant,1221.4,"title commercial director ; skills developing professional relationships or networks, supervising a team or group, promoting products, services, or programs ; duration 1.75 years || education master",prior ESCO title + top three ESCO skill groups + duration; latest education; latest target excluded
443730,val,243135,Digital Marketing Executive,243135,retained_granular_class,R04,2431.10.4,online marketer,9333.2,"title distribution centre dispatcher ; skills moving or lifting materials, equipment, or supplies, loading and unloading goods and, materials, planning production processes ; duration 0.50 years || education bachelor",prior ESCO title + top three ESCO skill groups + duration; latest education; latest target excluded
45505,val,412107,Secretary,412107,retained_granular_class,R09,4120.1,secretary,2341.1,"title primary school teacher ; skills monitoring and evaluating the performance of individuals, coaching and mentoring, caring for children ; duration 0.50 years || education secondary school",prior ESCO title + top three ESCO skill groups + duration; latest education; latest target excluded
46150,val,243135,Digital Marketing Executive,243103,merged_to_six_digit_curated_anchor,R04,2431.16,promotion assistant,2310.1.7;2431.1,"title business lecturer ; skills conducting academic or market research, teaching and training, teaching academic or vocational subjects ; duration 4.25 years || title advertising copywriter ; skills conducting academic or market research, using digital tools for collaboration and productivity, writing and composing ; duration 0.75 years || education master",prior ESCO title + top three ESCO skill groups + duration; latest education; latest target excluded
52644,val,254302,Graphic Designer,254302,retained_granular_class,R06,2166.9,graphic designer,2513.4,"title web content manager ; skills managing, gathering and storing digital data, using digital tools for collaboration and productivity, ensuring compliance with legislation ; duration 5.25 years || education bachelor",prior ESCO title + top three ESCO skill groups + duration; latest education; latest target excluded
53656,val,242321,Talent Acquisition Consultant,242321,retained_granular_class,R03,2423.6,recruitment consultant,1213.5,title 1213.5 ; duration 5.25 years || education bachelor,prior ESCO title + top three ESCO skill groups + duration; latest education; latest target excluded
63454,val,243121,Business Development Executive,243121,retained_granular_class,R04,2431.6,client relations manager,5223.6;5223.6,"title shop assistant ; skills executing financial transactions, selling products or services, packaging objects ; duration 1.25 years || title shop assistant ; skills executing financial transactions, selling products or services, packaging objects ; duration 1.75 years || education bachelor",prior ESCO title + top three ESCO skill groups + duration; latest education; latest target excluded
67828,val,231109,Tutor,231109,retained_granular_class,R10,2359.2,academic support officer,3422.3.1;2264.2,"title football coach ; skills coaching and mentoring, practising sports, supervising a team or group ; duration 7.25 years || title physiotherapist ; skills complying with health and safety procedures, providing medical advice, providing medical, dental and nursing care ; duration 6.25 years || education master",prior ESCO title + top three ESCO skill groups + duration; latest education; latest target excluded
70391,val,243136,Marketing Officer,243136,retained_granular_class,R04,2431.10.3,marketing assistant,5131.1,"title restaurant host/restaurant hostess ; skills accompanying and welcoming people, advising on products and services, promoting products, services, or programs ; duration 3.50 years || education bachelor",prior ESCO title + top three ESCO skill groups + duration; latest education; latest target excluded
7206,val,242321,Talent Acquisition Consultant,242321,retained_granular_class,R03,2423.6,recruitment consultant,5223.7.25,"title motor vehicles specialised seller ; skills advising on products and services, selling products or services, executing financial transactions ; duration 1.25 years || education bachelor",prior ESCO title + top three ESCO skill groups + duration; latest education; latest target excluded
78629,val,431118,Billing Clerk,431118,retained_granular_class,R07,4311.1,billing clerk,3332.2.1;4321.1,"title venue director ; skills serving food and drinks, developing recipes or menus, cleaning tools, equipment, workpieces and vehicles ; duration 7.25 years || title inventory coordinator ; skills maintaining operational records, allocating and controlling physical resources, managing, gathering and storing digital data ; duration 1.00 years || education bachelor",prior ESCO title + top three ESCO skill groups + duration; latest education; latest target excluded
8161,val,431110,Account and Promotion Clerk,431110,retained_granular_class,R07,4311.2,sales support assistant,5223.4,"title sales assistant ; skills providing general assistance to people, executing financial transactions, selling products or services ; duration 1.25 years || education secondary school",prior ESCO title + top three ESCO skill groups + duration; latest education; latest target excluded
8169,val,431118,Billing Clerk,431118,retained_granular_class,R07,4311.1,billing clerk,4214.2,"title insurance collector ; skills performing risk analysis and management, negotiating and managing contracts and agreements, performing calculations ; duration 0.50 years || education secondary school",prior ESCO title + top three ESCO skill groups + duration; latest education; latest target excluded
85757,val,412107,Secretary,412107,retained_granular_class,R09,4120.1,secretary,3313.1,"title accounting assistant ; skills preparing financial documents, records, reports, or budgets, executing financial transactions, managing budgets or finances ; duration 16.25 years || education no tertiary qualification",prior ESCO title + top three ESCO skill groups + duration; latest education; latest target excluded
88331,val,431118,Billing Clerk,431118,retained_granular_class,R07,4311.1,billing clerk,2432.9.1,"title spokesperson ; skills developing professional relationships or networks, promoting products, services, or programs, advocating for individual or community needs ; duration 9.25 years || education master",prior ESCO title + top three ESCO skill groups + duration; latest education; latest target excluded
